Date,Open,High,Low,Close,Volume,Log_returns,Log_return_onehot
2018-01-02,90.11999100563915,92.46686577141101,89.29389366644108,92.40115356445312,2488200,,
2018-01-03,92.68278334909907,94.3349780622194,92.50441857128182,93.80928039550781,2359400,0.015124326203059613,1.0
2018-01-04,94.44763545452717,94.7761965129994,93.03012098843959,94.59783172607422,1866000,0.008370766115418727,1.0
2018-01-05,94.92640763686175,95.82760682543422,94.01581894240257,95.02967071533203,1779400,0.004554610805085329,1.0
2018-01-08,94.67293758743189,95.5272035389512,93.959485570592,95.0484390258789,1689300,0.00019747997950350418,1.0
2018-01-09,95.32069241238257,95.56476946015417,94.24112829249187,94.51336669921875,1694400,-0.005645375086897791,-1.0
2018-01-10,93.9594651942025,94.32558420980875,91.59381882056915,92.56072998046875,2316000,-0.02087630163020027,-1.0
2018-01-11,92.77665465413487,94.2786530668682,92.0913640734632,93.79988861083984,1594500,0.01329869907431917,1.0
2018-01-12,94.06275518882447,95.39578574615021,93.65909236777905,95.01089477539062,1751000,0.012827898377522712,1.0
2018-01-16,95.9402320068284,96.79449780992867,93.22724550759315,93.74356079101562,2515900,-0.013428589275526398,-1.0
2018-01-17,94.60721399746095,96.23125447958253,94.13783904636253,95.93085479736328,2119200,0.023064691830925382,1.0
2018-01-18,95.96841179120588,97.35775772454984,95.32067202538965,96.02473449707031,1974900,0.000978139865966983,1.0
2018-01-19,96.19371717263245,96.19371717263245,92.0444437394125,93.1240005493164,3317600,-0.030673865006866162,-1.0
2018-01-22,92.98319009691622,93.0676741588676,91.03058838363984,92.67340087890625,2345200,-0.004850450548601706,-1.0
2018-01-23,92.37299600232,94.56028509264392,92.11952950644718,93.28358459472656,3096600,0.006562656457753752,1.0
2018-01-24,93.05828615775158,94.01581518124327,90.90854776974503,91.1807861328125,3342300,-0.02279995367875272,-1.0
2018-01-25,92.09137067380937,92.29789681325478,89.20001904576124,89.22818756103516,2945100,-0.021647202801516722,-1.0
2018-01-26,89.80080867397514,91.44362081241648,89.31265477063789,91.38729095458984,2698400,0.02390942644039372,1.0
2018-01-29,90.7583527458164,91.59383969548854,90.19510416297254,91.15262603759766,2896000,-0.0025711093785067804,-1.0
2018-01-30,90.1294002524859,93.8374603298002,89.66002519651724,91.25589752197266,3111100,0.0011323099753635442,1.0
2018-01-31,92.70157355380748,93.03013466056653,90.36408778047021,91.25589752197266,3235600,0.0,1.0
2018-02-01,92.5044237913621,97.54551375701408,92.4668729327503,96.83206176757812,5172400,0.05931053529770126,1.0
2018-02-02,96.01534653774269,96.21248317353557,92.8705355460285,92.89869689941406,3767700,-0.04146853724518095,-1.0
2018-02-05,91.95055325178463,93.61214464720658,88.55228307143906,88.88084411621094,5451800,-0.04421297626107625,-1.0
2018-02-06,94.86068586713566,100.20216824365188,94.57905801565104,98.15569305419922,8628600,0.0992582801057053,1.0
2018-02-07,97.16060944673376,97.99609624002326,95.14229583740234,95.14229583740234,3704700,-0.031181300788289117,-1.0
2018-02-08,95.2925064804528,96.98225204089663,92.96440352518952,92.97379302978516,3388600,-0.023055963797967406,-1.0
2018-02-09,93.93130290546958,97.00101876908273,92.57011855727303,96.35327911376953,3294900,0.03570376957358899,1.0
2018-02-12,96.79450886947613,98.56874571945889,96.20309897351315,97.72386932373047,3045400,0.014124413995938946,1.0
2018-02-13,97.0010302950282,97.81773813615271,96.38145191422284,97.2357177734375,1955100,-0.005007730860436599,-1.0
2018-02-14,96.5222743855671,98.66262323235989,96.49411303159785,98.24018859863281,2601400,0.01027727339943138,1.0
2018-02-15,98.54996342686218,98.54996342686218,96.01533450830742,97.97732543945312,2567300,-0.0026793053384568063,-1.0
2018-02-16,97.28265796613475,98.72833379652603,97.25449661263589,97.73326110839844,2089100,-0.0024941364887919293,-1.0
2018-02-20,98.02426231306004,101.18785203743654,97.36714025142375,99.89237976074219,2588700,0.021851461729794942,1.0
2018-02-21,100.37259521761268,101.12586335679033,99.55342383873166,99.80764770507812,1611100,-0.0008485933810226405,-1.0
2018-02-22,100.37257899216418,101.22000371582662,99.77938527744857,100.99402618408203,2342700,0.011816557706897638,1.0
2018-02-23,101.69079699643089,102.02034906847634,100.75863336873194,101.90736389160156,1598800,0.009002835082447957,1.0
2018-02-26,102.20869342705991,103.99769285791632,101.94504452444399,103.94120025634766,1870900,0.019761153619897102,1.0
2018-02-27,103.58338580759767,105.72077271328577,103.58338580759767,103.8564453125,1982200,-0.0008157450322941366,-1.0
2018-02-28,104.15774415545773,104.68502747662444,102.57588700826112,102.8677749633789,2009000,-0.009565186757586552,-1.0
2018-03-01,103.1502543199787,103.21616473643051,100.08069667444424,100.36316680908203,2200000,-0.024649149817203755,-1.0
2018-03-02,99.54399887665119,103.310324935193,99.43100650876407,102.76420593261719,1878000,0.023641825576411247,1.0
2018-03-05,102.83953773007194,105.04283510224884,101.97328443077319,104.96751403808594,2488900,0.021213811101621047,1.0
2018-03-06,105.45712611038044,105.55128282195396,103.82818698374182,105.31588745117188,1928500,0.0033133735647716237,1.0
2018-03-07,104.42139807147471,105.76786001065012,104.17658485061628,105.02400970458984,1336000,-0.0027752978666667418,-1.0
2018-03-08,105.41004912402045,105.41004912402045,103.72462451154672,104.92984771728516,1338500,-0.0008969779814886242,-1.0
2018-03-09,105.66427908724592,107.38737498907577,105.34413763564022,106.92599487304688,1934700,0.018844948580728507,1.0
2018-03-12,107.82989929740752,109.20461446981989,107.1613773621637,108.4325180053711,2753500,0.013991067149020864,1.0
2018-03-13,107.8298971039138,109.20461224836149,104.87333212821405,105.45711517333984,2655200,-0.027823646591231963,-1.0
2018-03-14,105.64544842898427,105.64544842898427,103.96002375392294,105.40064239501953,1680100,-0.0005356481100987178,-1.0
2018-03-15,105.32530589752318,105.60778321760338,104.0447544982338,104.78860473632812,1230900,-0.005823698375045804,-1.0
2018-03-16,104.93926427222884,105.37239812090831,103.99768269173796,104.16716766357422,2158300,-0.00594804247595701,-1.0
2018-03-19,103.88469680860244,104.49672626858975,101.2200192294514,102.943115234375,1918000,-0.01182043367774426,-1.0
2018-03-20,102.78304166516673,102.94310879869114,101.39891568819206,102.69829559326172,1428600,-0.0023810355685810036,-1.0
2018-03-21,102.63238360373008,103.87527089763839,101.43657825834805,102.13334655761719,1618500,-0.005516242141863586,-1.0
2018-03-22,100.62680805548733,102.23691140746645,99.03553317091612,99.09202575683594,1703000,-0.030230307211897532,-1.0
2018-03-23,99.16736648601946,99.33685144882506,95.44812231473182,95.48578643798828,2469200,-0.037071568167138864,-1.0
2018-03-26,97.95272321555575,98.86605842852504,96.37086599335147,98.8001480102539,2070900,0.03412169953232523,1.0
2018-03-27,99.33684525728128,99.37450937819018,94.95848997744854,95.58934783935547,1492100,-0.03303771325750742,-1.0
2018-03-28,94.95848148208327,96.6909949704126,92.6421921311342,93.09415435791016,2038100,-0.026449996114629844,-1.0
2018-03-29,93.894514455136,95.32571526768199,93.07533591056138,94.40296936035156,2209300,0.013961134285168396,1.0
2018-04-02,94.0451660098169,94.0451660098169,90.09994405835725,90.890869140625,1965200,-0.03791298110525441,-1.0
2018-04-03,91.35222473418834,92.40679849371013,90.34473291838563,91.92658996582031,2106400,0.011330776735238576,1.0
2018-04-04,90.03401713106665,94.04514877078442,90.00576365442406,93.80975341796875,2267600,0.020278508233120232,1.0
2018-04-05,94.06398210873438,94.94906372864274,92.35971491134558,93.02824401855469,1194000,-0.008365685438072576,-1.0
2018-04-06,91.95485065589254,92.81168606596752,89.65738954913469,89.97752380371094,1778300,-0.03334324254341999,-1.0
2018-04-09,90.89086840535832,92.98118065400965,90.3635850214453,90.41065979003906,1535100,0.00480227485091609,1.0
2018-04-10,92.3973861176172,92.9811692091624,90.89085721780297,92.2844009399414,1265700,0.020512944847326357,1.0
2018-04-11,91.8512783946636,93.16948675052176,91.42756240854052,92.62337493896484,1206000,0.0036664156186677318,1.0
2018-04-12,93.05652294252427,94.33707465409228,92.75521708001993,94.07343292236328,1779500,0.015534139649081145,1.0
2018-04-13,94.75135714752568,95.08091646605082,92.41623872043648,92.71754455566406,1236100,-0.014517962271096512,-1.0
2018-04-16,93.08474405007254,93.68735561197649,91.58762578768564,92.02075958251953,1837600,-0.0075435170912069634,-1.0
2018-04-17,92.59511050023147,94.02631823676374,92.16198392261394,93.64026641845703,1338400,0.017446288523306056,1.0
2018-04-18,93.41428939185974,93.90391574042275,92.19964852953869,93.17889404296875,1330600,-0.004939250474372054,-1.0
2018-04-19,91.54056185464411,91.55939032531396,88.25444416991262,88.39567565917969,3228700,-0.05269818671496111,-1.0
2018-04-20,87.91546696130156,88.22618339570305,85.10013311300094,85.85340118408203,5078600,-0.029181846252925976,-1.0
2018-04-23,86.15470805257466,86.41834972563913,83.30171723038909,83.46178436279297,2737300,-0.02825234952057547,-1.0
2018-04-24,83.30172003109627,84.42220436298918,81.78577317631071,82.64260864257812,2627800,-0.009863464134907882,-1.0
2018-04-25,82.76500576536287,83.55593068619956,81.26788761707066,82.68025970458984,2541600,0.0004554852337016089,1.0
2018-04-26,83.70660009477726,84.41278624768535,82.783847027484,83.23580932617188,2242700,0.006696779896573693,1.0
2018-04-27,83.5841644624357,83.82897759904822,81.86107623329117,81.9928970336914,1415300,-0.015045033814320222,-1.0
2018-04-30,81.99291037615967,83.2922901274184,81.09840373223203,81.69160461425781,2255400,-0.0036813840855365533,-1.0
2018-05-01,81.71985928515942,85.71216283558643,81.68219516309824,85.58975982666016,3833800,0.046614409911945404,1.0
2018-05-02,87.66123024114799,88.2732596111915,85.36377642258083,86.02288055419922,2894100,0.005047666025050205,1.0
2018-05-03,85.2131181422288,87.54824321457693,84.29978301937928,86.86088562011719,3350700,0.009694509180047179,1.0
2018-05-04,84.58226236372225,90.6554597699459,82.8591666067894,90.58013153076172,4731700,0.04192706721842781,1.0
2018-05-07,90.64604150450297,90.81552644999728,87.06803636496221,89.77037048339844,3618200,-0.008979919432838327,-1.0
2018-05-08,89.84569915959449,91.13566831678618,89.73271398451242,90.97560119628906,2331400,0.0133363810553634,1.0
2018-05-09,91.06034758369185,91.31457861597528,88.97945329461278,89.9681167602539,2291100,-0.011136002497903788,-1.0
2018-05-10,90.30709162651154,91.49347922981727,90.20351707934556,91.39932250976562,1925400,0.015782716720232508,1.0
2018-05-11,91.22040140764237,92.02075132671615,90.92851347894702,91.34281158447266,1853500,-0.0006184772589465,-1.0
2018-05-14,92.3691591965387,94.34647924124545,91.94545032399368,93.23541259765625,1678900,0.020508024209979766,1.0
2018-05-15,92.56689508698956,92.58573074395395,91.45582838813505,92.17143249511719,2560200,-0.01147737325265608,-1.0
2018-05-16,92.67044784054947,93.10357446072223,92.20907492527581,93.06591033935547,1467000,0.009657715695755575,1.0
2018-05-17,92.67045265070216,94.25230991173065,92.5574674644339,93.88509368896484,1743600,0.008763671495279186,1.0
2018-05-18,92.5668889184735,93.386067533076,92.13376222523355,92.73637390136719,2068800,-0.012310848375978359,-1.0
2018-05-21,94.13443122849321,94.81458079554673,92.76468357064599,93.37870788574219,2017400,0.0069025737040410515,1.0
2018-05-22,93.90774123184956,95.68368217427862,93.67157852746259,94.50286865234375,1549700,0.0119668378641132,1.0
2018-05-23,93.84160928757616,94.5406560856449,93.36928387612564,94.52175903320312,1519200,0.00019987216643209228,1.0
2018-05-24,94.6350948727016,94.91849292798923,93.59598068183352,94.06830596923828,1816900,-0.004808884686630035,-1.0
2018-05-25,94.03054379997903,95.1357835333428,94.03054379997903,94.81460571289062,1208300,0.007902288466771067,1.0
2018-05-29,94.15333129366296,95.12632033831835,93.133106832289,93.93606567382812,1833900,-0.009309067639652863,-1.0
2018-05-30,94.47453605604139,94.9846483935533,93.23703850856994,94.25726318359375,1558000,0.003413487859487165,1.0
2018-05-31,93.87939362873021,94.1344533799512,93.08589041851742,93.15201568603516,2292000,-0.011795150359802803,-1.0
2018-06-01,93.78491625415242,95.40971654045461,93.14255351787277,95.38137817382812,1343400,0.023650626106410725,1.0
2018-06-04,95.145215783177,95.37192992395443,93.99274082296346,94.79569244384766,1865600,-0.0061593921888474755,-1.0
2018-06-05,95.15468004584615,95.65534382612996,93.58655622892108,94.00220489501953,2105600,-0.00840573154768186,-1.0
2018-06-06,94.26670406732839,94.82404457914804,93.35039163944926,94.75791931152344,1797200,0.008007183269182507,1.0
2018-06-07,94.90906925261349,98.43261278317742,94.66345802086764,96.8172607421875,2594700,0.021499870244841342,1.0
2018-06-08,93.58655157310126,94.79570340656424,92.74581296367424,94.28559112548828,3094200,-0.02649691211944398,-1.0
2018-06-11,94.28558221739893,94.71067934835581,93.62432962317186,94.14389038085938,1239100,-0.001504019118532564,-1.0
2018-06-12,94.45562525052996,95.53252651500617,93.80382114231321,95.2963638305664,1560400,0.012167294352969038,1.0
2018-06-13,95.50418010322144,96.00484379893271,94.75790521838506,94.8807144165039,1731100,-0.0043711900479462525,-1.0
2018-06-14,95.23968478240391,96.61887396122428,94.97518373538534,96.32603454589844,1322200,0.015118165708431639,1.0
2018-06-15,96.22212943028632,97.09120642181823,94.83349162473343,97.01563262939453,2158100,0.007133496031696601,1.0
2018-06-18,96.496066990525,96.64720734941336,94.80514143323003,95.50418090820312,1951900,-0.01570210097420802,-1.0
2018-06-19,93.69990300446078,95.03185671199395,92.97251794682627,93.93606567382812,1847600,-0.016555627216556342,-1.0
2018-06-20,94.68235031171244,95.27747770516484,94.39895219647981,94.49341583251953,1422100,0.005915759887080361,1.0
2018-06-21,94.79568810890015,95.0035123980727,93.32203545056717,93.3881607055664,1074700,-0.011765580183272171,-1.0
2018-06-22,94.23835576579316,94.49340828343561,92.64189377794342,93.09532928466797,2301900,-0.003140563935179696,-1.0
2018-06-25,92.53798091814495,92.71746685589073,90.50698048903918,91.99008178710938,1965600,-0.011943249648336287,-1.0
2018-06-26,92.09400180934303,93.38817596245805,91.5083229428419,92.38684844970703,1732100,0.004303871146356699,1.0
2018-06-27,92.84970203194173,93.44482927495673,90.629774714155,90.6958999633789,1462300,-0.018472483995533605,-1.0
2018-06-28,90.67702633355329,91.66891253517275,90.05356056659433,91.2154769897461,1283400,0.005712434790701209,1.0
2018-06-29,91.47997770904566,92.39629011511035,91.24381501499242,91.30049896240234,1616200,0.0009316661553887454,1.0
2018-07-02,90.17636532345485,91.8200557124152,89.78906223963075,91.68780517578125,2029100,0.00423313165899713,1.0
2018-07-03,91.82005139566976,92.44352435944447,90.02522070941417,90.17636108398438,1060600,-0.01662206384953348,-1.0
2018-07-05,91.1587907678052,94.2289054827831,91.1587907678052,94.14389038085938,2248500,0.043057040118944394,1.0
2018-07-06,93.9171742101702,94.89016331269569,93.13311237153026,94.58787536621094,1438400,0.004704939866535824,1.0
2018-07-09,94.94683537562162,95.0696373610681,93.77546342335822,94.87126159667969,994200,0.0029915310114136656,1.0
2018-07-10,94.89961690127706,96.44884361055762,94.59732893866412,96.0143051147461,1217500,0.011976360499746567,1.0
2018-07-11,94.82403458671763,95.42861045760844,92.94418171338883,93.09532928466797,1252400,-0.030873177754681153,-1.0
2018-07-12,94.13444742027235,94.71068494663668,92.47186010451071,94.29503631591797,1762300,0.01280453687118545,1.0
2018-07-13,94.13444702840383,94.68234618350435,93.53931245378621,94.08721160888672,1118400,-0.0022064158765793406,-1.0
2018-07-16,94.37062334795618,95.05077312744784,93.62434829585362,94.23837280273438,1476300,0.0016053180111705982,1.0
2018-07-17,93.46374908991149,96.0993255917809,93.4543005642602,96.06153869628906,1942000,0.019161560953694767,1.0
2018-07-18,96.32603658005968,97.20456205170242,95.7403505299268,96.3827133178711,2163100,0.0033378489241498045,1.0
2018-07-19,96.32602645089318,97.19510330580849,95.14521315656941,96.80780029296875,2113800,0.004400709467359158,1.0
2018-07-20,97.53519737745161,98.19645007004644,91.15880432856252,91.6216812133789,7018900,-0.055059634433376727,-1.0
2018-07-23,91.30994376122317,91.56499628926043,88.61768339321362,91.10211944580078,3257600,-0.005686869099075124,-1.0
2018-07-24,91.93340286904271,92.00897665231105,89.08056101823301,89.24114990234375,2330400,-0.020638814057552836,-1.0
2018-07-25,89.0238933841513,89.9402058545654,87.58802727460171,89.57179260253906,2559300,0.003698200727585819,1.0
2018-07-26,89.53399496495697,90.28026990591621,88.79716854928189,90.18580627441406,1829800,0.00683160059713739,1.0
2018-07-27,90.68646377071296,91.2532527278574,89.44897370678447,89.93074035644531,1704300,-0.0028322338312808345,-1.0
2018-07-30,89.89295965951501,90.12912232292427,88.72158765988407,89.20336151123047,1199500,-0.008121098499005925,-1.0
2018-07-31,89.8268365798216,90.41252264082813,88.83495761414112,89.3450698852539,1176400,0.001587338546406031,1.0
2018-08-01,90.08189836751109,90.59201065022448,89.09946069789049,89.40174865722656,1459000,0.0006341793866254576,1.0
2018-08-02,88.4665364221795,90.50697811557474,87.7580484217997,90.32749938964844,1219800,0.010301705811232234,1.0
2018-08-03,90.36529725055085,90.6109012647084,89.7040373789924,90.31806182861328,1278700,-0.00010448705166182742,-1.0
2018-08-06,89.19893668060548,90.23271138736538,88.20309242022152,90.18528747558594,1742200,-0.001471156934053049,-1.0
2018-08-07,90.49826381857612,91.15267614488202,90.13786670738287,91.11473846435547,1345900,0.010253270805316388,1.0
2018-08-08,91.10524889245501,91.28545105937606,90.46980904766406,90.49826049804688,1062000,-0.006788945038146168,-1.0
2018-08-09,90.2801194747658,90.30857092249727,89.30324784466974,89.4644775390625,1731700,-0.011488982014433536,-1.0
2018-08-10,88.64884887324854,88.9049191770347,87.48228869053355,88.28844451904297,2565600,-0.013232414593475166,-1.0
2018-08-13,88.75315800932002,89.43602166456267,88.26946171421125,88.9712905883789,1616200,0.00770450713692258,1.0
2018-08-14,89.17995878300256,89.38861240471073,87.84268993567602,87.93753051757812,1437300,-0.01168705812242809,-1.0
2018-08-15,87.18829039064332,87.36849258776358,85.90792425773938,86.88479614257812,1698800,-0.0120436230303934,-1.0
2018-08-16,87.53917691664918,87.71937181277083,86.36313079904681,86.69508361816406,1400600,-0.0021858823754694113,-1.0
2018-08-17,85.98378862315249,87.28311981455673,84.50424802182042,87.1124038696289,1755000,0.004802106738378875,1.0
2018-08-20,87.16930834047535,87.22621123979371,85.90790767585545,86.28727722167969,1102800,-0.00951712103245744,-1.0
2018-08-21,86.45799109103014,88.1177264829912,86.43901863446223,87.90907287597656,1358100,0.018620855309491886,1.0
2018-08-22,87.52022798901464,88.09876497641851,86.78994750956727,87.947021484375,914000,0.00043158707834972264,1.0
2018-08-23,87.74783528496184,88.64883883255193,87.40641066387559,87.54866790771484,904400,-0.00453976120089569,-1.0
2018-08-24,88.21256071203894,88.47811719790855,87.57711370842631,88.19358825683594,1416500,0.007339421470885495,1.0
2018-08-27,88.40225139865305,89.5119013641394,88.03236807682427,88.79110717773438,1381100,0.006752235718883227,1.0
2018-08-28,89.09459039911164,89.45498744793201,88.05132245486844,88.75315856933594,1156900,-0.0004274833525786395,-1.0
2018-08-29,88.93336106519374,88.93336106519374,88.01339952765485,88.2220458984375,1399400,-0.00600213195927925,-1.0
2018-08-30,88.08926912854136,88.29792273870727,86.77096557617188,86.77096557617188,1694200,-0.016584817537588937,-1.0
2018-08-31,86.63818357507957,87.18826902611582,86.28727273304102,86.59076690673828,1749600,-0.0020788755597923327,-1.0
2018-09-04,86.4200441156016,86.88476794930563,85.06380305180015,85.3578109741211,2133000,-0.01434123014761911,-1.0
2018-09-05,85.1681438178942,85.31988729964773,84.31456412092918,85.12071990966797,2438200,-0.00278147888864402,-1.0
2018-09-06,85.15865687986461,86.23985540839183,83.88776995588464,84.08694458007812,2226100,-0.01221916507449112,-1.0
2018-09-07,83.94467562306372,84.66546977979031,82.82553947503114,82.96780395507812,2531000,-0.013398689681828882,-1.0
2018-09-10,83.03419759673432,83.46098382421371,82.19010413465467,82.66431427001953,2382700,-0.003664627705706992,-1.0
2018-09-11,82.18062030990322,82.47462828695075,80.33119638635631,81.40291595458984,2892700,-0.015376905776085512,-1.0
2018-09-12,80.7010754951266,80.90972910759687,78.76630455519125,80.01821899414062,2418700,-0.017156748732433422,-1.0
2018-09-13,80.61573789875747,83.08162961083883,80.49244584570921,82.71174621582031,2907100,0.033107279819970206,1.0
2018-09-14,83.0247005055844,84.62753286889287,82.63584477224175,83.20490264892578,2135100,0.0059446461675313955,1.0
2018-09-17,82.59790221996307,83.51787086561593,81.64000313825144,81.77278137207031,1913800,-0.017361829986173277,-1.0
2018-09-18,81.81074010077575,82.6927713015195,81.81074010077575,82.33236694335938,1547800,0.006819868187197476,1.0
2018-09-19,83.26180964009919,84.6085645780081,82.41771624691178,84.27661895751953,2304200,0.023340160987245097,1.0
2018-09-20,84.97846905286085,87.35900635742207,84.83620454123293,86.88479614257812,3401100,0.030478587533110887,1.0
2018-09-21,86.64767546020734,87.76681165550889,86.08810374462038,87.4158935546875,3894000,0.006094055699576427,1.0
2018-09-24,87.00807466320788,88.79110942470687,86.02171670141263,88.3738021850586,1780200,0.010898455768159796,1.0
2018-09-25,88.2410244530554,88.48761575394963,86.54335126943788,86.99859619140625,2022900,-0.015683587555587297,-1.0
2018-09-26,86.06914477657203,86.69510566634789,85.1681483592105,85.39576721191406,1779000,-0.018595447490564663,-1.0
2018-09-27,85.62337798702181,86.05017143593483,84.99742439217044,85.30091857910156,1051600,-0.0011113120578127844,-1.0
2018-09-28,85.07329015371756,86.13552339646687,84.32404455352602,86.03119659423828,1108400,0.00852475832596852,1.0
2018-10-01,86.57181012982682,87.40642468555623,86.1165724047682,86.73303985595703,1182600,0.008124912158948446,1.0
2018-10-02,86.55282277553984,88.22203698845095,86.55282277553984,87.14083862304688,1076500,0.004690750771705973,1.0
2018-10-03,87.55815786160584,88.26947305455731,86.33469486142461,87.68144989013672,1611000,0.006184714717056806,1.0
2018-10-04,87.25466457227714,87.26415080099231,85.44317838891654,86.35366821289062,1296600,-0.015259074776851227,-1.0
2018-10-05,85.9743041440674,86.18295777387895,82.14268515226077,83.0342025756836,2129300,-0.0391986823015145,-1.0
2018-10-08,82.74018880029907,83.4040873827495,81.90558150233413,83.05316925048828,1137300,0.00022839394324322446,1.0
2018-10-09,83.17645067472465,84.12487089786117,82.79708837416769,83.95415496826172,1084600,0.010789879583390723,1.0
2018-10-10,82.78758935533266,82.84449224445036,80.41653916381506,80.426025390625,2699500,-0.04293305297290004,-1.0
2018-10-11,80.30272545509469,82.61687273747732,80.07510666472176,80.86229705810547,2011500,0.005409848957037127,1.0
2018-10-12,82.74019767145654,83.20492889976084,81.47880397771651,82.71174621582031,1742100,0.02261395434123207,1.0
2018-10-15,82.27544573892415,83.52736001289425,81.80123567702833,82.55997467041016,1756400,-0.001836631061375453,-1.0
2018-10-16,83.25233298807694,84.38095546342772,82.94883878073968,84.1248779296875,1886400,0.01877734197414379,1.0
2018-10-17,84.46629899830835,84.66546636799941,82.89192526061484,83.82137298583984,1256300,-0.003614314372488732,-1.0
2018-10-18,83.29027243729891,83.46098838479362,81.45033469606392,81.78228759765625,1444500,-0.02462733540660622,-1.0
2018-10-19,82.11422632103312,82.95831975787294,80.3975807619497,80.76747131347656,1481600,-0.01248638541119761,-1.0
2018-10-22,81.32703870950758,82.03835391687936,80.17945104325246,80.80540466308594,1468400,0.0004695509698278388,1.0
2018-10-23,78.66198485057188,80.5114016083017,76.40473982374246,79.9708023071289,2338900,-0.01038225578987271,-1.0
2018-10-24,79.11720647580611,79.11720647580611,75.1812614409847,75.29507446289062,2170500,-0.06024687640783855,-1.0
2018-10-25,76.49957868016568,78.17827929152575,75.89258308028654,77.63768005371094,1695300,0.03063815655481399,1.0
2018-10-26,75.70290711203742,77.93169334205484,75.37096145835356,76.89791870117188,1561700,-0.009574065900717051,-1.0
2018-10-29,78.10241452159119,79.28793996131138,76.42371368273155,77.62820434570312,1675400,0.009452008076408499,1.0
2018-10-30,77.88426305833723,80.48293216773385,77.67560947366464,80.29325103759766,1985100,0.033754751348779595,1.0
2018-10-31,81.40291905573037,82.9203901439233,80.08461536949967,82.28495025634766,2362200,0.024502655952107343,1.0
2018-11-01,82.73068328008277,85.74665929697642,82.51254348708096,84.87410736083984,1853300,0.030980842201685208,1.0
2018-11-02,82.9203713265807,83.44200528658666,79.97078417644802,80.87178039550781,2670000,-0.04830412632964229,-1.0
2018-11-05,79.91388347959258,79.9897515919643,77.0117129141981,78.7188720703125,2538700,-0.02698201812415529,-1.0
2018-11-06,78.4817682026701,79.78110642616583,78.08343347226875,78.37744140625,2188800,-0.004346775479347619,-1.0
2018-11-07,79.0982475357136,79.25947723597544,77.46696360492507,78.38693237304688,3129500,0.00012108576176664307,1.0
2018-11-08,77.96963643540872,79.96131773166918,77.2393559466,79.09825897216797,2667800,0.009033629517065905,1.0
2018-11-09,73.43617482501315,75.76928759945068,71.27377797240628,72.70589447021484,8461500,-0.08426840344279839,-1.0
2018-11-12,70.11671341329297,71.89026198793003,68.88376412287984,69.08293151855469,5125300,-0.0511147716705356,-1.0
2018-11-13,69.69939792018602,70.79956881669511,67.93533578328133,68.36212921142578,3314800,-0.010488684153414555,-1.0
2018-11-14,69.23468533884659,69.59508246583314,67.0722881051812,67.60340118408203,3501700,-0.011160709641749304,-1.0
2018-11-15,67.4326689890573,69.59506570184685,67.23350163244471,69.36744689941406,3954400,0.025759397460249335,1.0
2018-11-16,68.57077334923179,69.78474987036176,68.37159876872596,69.18724060058594,2481900,-0.002601231379349891,-1.0
2018-11-19,68.44748292993633,68.95963069750566,66.930012082993,67.11021423339844,2516200,-0.030480204800719213,-1.0
2018-11-20,65.25130478269216,66.46528133450337,65.04265120612378,65.82984161376953,3886800,-0.019263000949141195,-1.0
2018-11-21,66.70239546891844,67.29989759955627,65.95314263063621,66.69290924072266,2392400,0.013025383547137635,1.0
2018-11-23,65.9816014328199,67.54649640941405,65.93417752242776,66.9584732055664,964400,0.003973985296335181,1.0
2018-11-26,68.05504623398635,68.56996546977645,66.74867665753577,67.65454864501953,2504400,0.010341965940711522,1.0
2018-11-27,66.98708282044268,68.27437761892554,66.58659239869785,67.3875732421875,2621400,-0.003953962614352153,-1.0
2018-11-28,68.33157897254772,68.86556607056562,66.80588907816183,68.82742309570312,2303400,0.021141629372009346,1.0
2018-11-29,68.36018788627196,69.37095130929852,67.83573104883612,67.92155456542969,2238400,-0.013248827105363258,-1.0
2018-11-30,68.06459217645649,69.51399641983605,67.19686296334051,69.39002990722656,2884200,0.02138976598857744,1.0
2018-12-03,71.44968934695339,71.4687571960026,69.82865300172489,70.04796600341797,2538100,0.009437040094343896,1.0
2018-12-04,69.42817512225663,70.00984289619235,67.40664789811446,67.47339630126953,2712500,-0.037446844688470295,-1.0
2018-12-06,65.90003128434537,67.40664637877833,65.81420775363456,67.33036041259766,2642400,-0.0021221358490058615,-1.0
2018-12-07,67.05381872964291,67.5019896169084,64.25037174974663,64.43154907226562,2293800,-0.04400784989152635,-1.0
2018-12-10,63.12517626309976,64.60318563411307,62.75329134846288,64.30758666992188,2612100,-0.0019257926494608726,-1.0
2018-12-11,65.5757980830911,66.76773863282398,64.86063375325139,65.33740997314453,2482600,0.01588715323467891,1.0
2018-12-12,66.31959427892197,67.19686103125265,65.50906865065114,66.09073638916016,2654200,0.01146382547397969,1.0
2018-12-13,66.66286075713774,67.15870487092803,66.06211800818537,66.3863296508789,1652100,0.004462564896753246,1.0
2018-12-14,65.56628300219715,66.74868626473565,65.21346589864437,65.4995346069336,1666400,-0.013448119156316116,-1.0
2018-12-17,65.31836583565395,67.13011758391174,64.88926999200123,65.25161743164062,1792200,-0.0037922032583516782,-1.0
2018-12-18,65.71884882516002,67.25406921882198,65.38510684284863,65.5662841796875,1664000,0.004810769031530024,1.0
2018-12-19,65.19439470998651,66.10980434462289,62.70562181033833,63.27775192260742,1968900,-0.035527806198504513,-1.0
2018-12-20,62.934473682191786,64.278986384689,61.47553931992747,62.59119415283203,2206500,-0.01090919722678052,-1.0
2018-12-21,63.22054119581475,64.36480142219774,60.9415473936499,61.494606018066406,4037300,-0.01767513578352641,-1.0
2018-12-24,60.85572835021797,62.467234617488685,59.79728435248776,59.86403274536133,1305600,-0.026873594168888622,-1.0
2018-12-26,60.541062563841415,63.6973233124496,59.82589803836495,63.61149978637695,1800200,0.06071839847857264,1.0
2018-12-27,62.44815202696271,64.63178815430254,62.35279823068731,64.57457733154297,1475400,0.01502652531970603,1.0
2018-12-28,64.71763490762515,65.23255432248612,63.70686393399544,64.09782409667969,1640400,-0.0074103756712163025,-1.0
2018-12-31,64.65087791691339,64.8987963883578,63.2968275131148,63.907100677490234,1311000,-0.002979940977458682,-1.0
2019-01-02,62.80099198568649,65.74746683313994,62.69610058901038,64.80345153808594,1850900,0.01392838949297086,1.0
2019-01-03,61.79021587465475,62.228849229486634,57.32758545424793,57.89971923828125,4701900,-0.11264633092894037,-1.0
2019-01-04,58.31927683299065,61.64717700535665,58.31927683299065,60.67455291748047,4067800,0.04681184761816969,1.0
2019-01-07,60.12149156389809,62.600730541928506,59.98799477998771,61.494606018066406,2134400,0.013425080837084475,1.0
2019-01-08,61.933243863616916,62.45770074938698,60.79851748011812,62.16210174560547,2213900,0.010796053411347654,1.0
2019-01-09,62.84865977748988,65.31835769314348,62.74376840211167,64.54598236083984,3456100,0.0376323572709945,1.0
2019-01-10,64.36479836773884,66.1765497027254,64.17409076406815,65.40416717529297,2271800,0.013208100084862832,1.0
2019-01-11,65.13717943649463,67.62595244428174,64.85111800544507,66.76775360107422,2484100,0.020634258757989028,1.0
2019-01-14,66.42448243002922,66.42448243002922,65.12765021788472,65.17532348632812,1628700,-0.024139310310746554,-1.0
2019-01-15,65.47093576951536,65.90003160003454,64.96554669741987,65.27068328857422,1162500,0.0014620580819697784,1.0
2019-01-16,65.27068187469159,66.56751417776334,65.15626020238116,65.60443115234375,1593100,0.005100260483703651,1.0
2019-01-17,65.10855851945803,66.47213878039692,64.00244148769772,65.82372283935547,1559000,0.00333706110682785,1.0
2019-01-18,66.08121248535427,67.3780448858627,65.60443608149178,66.81544494628906,2464400,0.01495396275844745,1.0
2019-01-22,66.48169625819348,66.57705007440694,65.2516123864592,65.69978332519531,2090900,-0.016838638045178374,-1.0
2019-01-23,65.91907759244951,66.24328920523246,64.45060596108299,65.0990219116211,1482300,-0.00918610284029929,-1.0
2019-01-24,65.94771927108033,67.51154537903834,65.31837089164233,66.77730560302734,1659800,0.025453761634866155,1.0
2019-01-25,68.07411957522196,69.69515608623965,67.39709810179555,69.10395812988281,2026300,0.03424872398064919,1.0
2019-01-28,67.95016302782815,69.56166203919283,67.40663831511381,69.3137435913086,1745200,0.003031196435795541,1.0
2019-01-29,69.12302753750646,69.40909623414186,67.9787673010232,68.21715545654297,1585600,-0.015947127253329623,-1.0
2019-01-30,69.57120073808684,70.6391823291975,68.63672321151574,70.48661041259766,1948800,0.032726689054382294,1.0
2019-01-31,70.22914380933192,70.46753193680756,69.24698588813676,69.64747619628906,1753100,-0.011976304501974795,-1.0
2019-02-01,69.91447667098133,70.99198849505653,69.80004773943081,70.52474975585938,1834800,0.012517244524766902,1.0
2019-02-04,70.65826208997098,71.42110725148095,69.60935544916772,71.39250183105469,1740700,0.01222913888140026,1.0
2019-02-05,71.76437790060086,72.6130392175966,71.42109834821723,72.4318618774414,2798400,0.014453436305328804,1.0
2019-02-06,78.12456337957889,83.4167831227603,77.95292362371818,80.7563705444336,8926000,0.10879056741758973,1.0
2019-02-07,81.09966332898142,81.19501714783664,77.64779979619436,77.77175903320312,3581200,-0.0376584803279857,-1.0
2019-02-08,76.73238402627982,77.96246783568617,76.16978417157638,77.91478729248047,2828200,0.001837388045293267,1.0
2019-02-11,78.0292194058189,78.42970979493484,76.8658839445519,78.03874969482422,1896100,0.0015897353897260074,1.0
2019-02-12,78.82066272170987,80.23191651921486,78.62041027034677,79.69792938232422,2022300,0.0210381110230806,1.0
2019-02-13,80.01260533058957,80.22238079988301,79.03997756600772,79.12580108642578,1557200,-0.007204600584075377,-1.0
2019-02-14,78.95416148648563,80.08888418084257,78.56320141214844,79.75514221191406,2371300,0.007922214004413383,1.0
2019-02-15,80.46077005805694,80.54659357964695,79.28790437155202,79.50721740722656,1185400,-0.0031134161963826267,-1.0
2019-02-19,79.24975520491012,79.47860578623315,78.69669296460303,78.78251647949219,1409500,-0.009156702377220508,-1.0
2019-02-20,79.32606032938462,79.68840777697443,78.35343239238634,78.5060043334961,2341300,-0.003515989970846935,-1.0
2019-02-21,78.43923968359007,79.07811818585941,77.29497218733147,77.96246337890625,1818100,-0.006947638062972514,-1.0
2019-02-22,78.62994748186314,78.93508402658303,78.057817369892,78.59180450439453,2319900,0.008039953481808738,1.0
2019-02-25,80.00002180008394,80.52690055296952,78.83129803340073,78.92709350585938,1976200,0.0042571337417346535,1.0
2019-02-26,78.84089232191562,79.44441047231705,78.55349855007081,78.5726547241211,1118200,-0.00450082471948112,-1.0
2019-02-27,78.1702937284023,78.24693302680055,76.3884702386347,77.82542419433594,1468400,-0.009555567698470546,-1.0
2019-02-28,77.41351093183127,78.63013625790359,77.27939579003659,78.22779083251953,1577900,0.005156798977550504,1.0
2019-03-01,78.84088218185904,79.28154721561201,77.50930534044376,78.53433227539062,1391200,0.003910917095446042,1.0
2019-03-04,79.31030170178654,79.49231825916503,77.8446094267833,78.7642593383789,1554800,0.002923449274229522,1.0
2019-03-05,78.5534889246588,79.22406456515925,77.94038910799371,78.43852996826172,1529500,-0.004144071968552413,-1.0
2019-03-06,78.49600507101795,78.97498971058486,77.55719196162755,77.58592987060547,1248900,-0.010929165660386701,-1.0
2019-03-07,77.32730095105175,77.547629848127,75.82328909452575,76.15857696533203,1501800,-0.01856838914436865,-1.0
2019-03-08,75.09521279699192,76.99199522568678,74.75992500393936,76.76207733154297,1113100,0.007893027951649631,1.0
2019-03-11,77.20275175277386,78.69718901216201,77.18359558028725,78.05535125732422,1134100,0.016707473068109272,1.0
2019-03-12,78.30441075591415,79.29111799349656,77.7775320112097,78.80255889892578,1296400,0.009527263148840465,1.0
2019-03-13,79.32944180049904,79.41566284499925,78.17988147115598,78.3331527709961,1766100,-0.0059745492509286685,-1.0
2019-03-14,78.43851424005214,79.3677455189383,77.60508572665,78.00743103027344,1993300,-0.004166828651658884,-1.0
2019-03-15,78.70676766763316,81.79142292793072,78.60139045127075,80.23951721191406,4004000,0.028212035064286763,1.0
2019-03-18,80.34489748147095,80.55564461347805,78.54391030336583,79.11869049072266,1579000,-0.014066990583572811,-1.0
2019-03-19,79.71263040990974,81.05378898981073,79.60725319449939,79.91380310058594,1562600,0.009999456301220136,1.0
2019-03-20,79.87548279060216,79.99044174520978,77.7871092886177,78.31399536132812,1953000,-0.020222265281084336,-1.0
2019-03-21,78.66846157942365,83.23797308817318,78.60140400369701,82.45243835449219,2500900,0.051495295032346414,1.0
2019-03-22,82.03091838988743,82.23209109002599,78.95583744423811,79.11869049072266,2198400,-0.041272486052482134,-1.0
2019-03-25,78.8121460104392,79.27197457730156,76.76209190516245,78.026611328125,1814300,-0.013899196873893559,-1.0
2019-03-26,78.64927066598362,79.3006900210227,77.94995723568765,78.6684341430664,1086700,0.008192044647995547,1.0
2019-03-27,78.66844272046363,79.12826389843535,76.53216793376225,77.20274353027344,1273500,-0.018806989669254055,-1.0
2019-03-28,77.36561590151481,78.19904465698937,76.59923740739428,77.15486145019531,945700,-0.0006204045679512773,-1.0
2019-03-29,78.01702431649815,79.29111796656129,77.58593373418539,79.01331329345703,1589700,0.023801771182422944,1.0
2019-04-01,79.83717130683964,80.8526239046109,79.75095756360845,80.33531951904297,1278400,0.016593007849690394,1.0
2019-04-02,80.41194151758067,80.9867216082215,80.229925020533,80.62269592285156,697900,0.003570828186176102,1.0
2019-04-03,81.5423519805424,83.07510144641753,81.20705686814469,81.77226257324219,1887700,0.014157900752055419,1.0
2019-04-04,81.59025643456724,82.9026772143348,81.47530477796624,81.91596984863281,1312700,0.0017558661387683586,1.0
2019-04-05,82.13628856491908,83.31459406034769,82.1267141338718,83.15174102783203,1081300,0.01497317992084828,1.0
2019-04-08,82.96014789159281,84.1192899789514,82.42368737082558,83.96601867675781,1356600,0.009745033614510675,1.0
2019-04-09,83.49661380507608,83.71694266730965,82.83561260092281,83.41039276123047,1096500,-0.006639262387602,-1.0
2019-04-10,83.39125828594598,84.52166272910151,82.87395381446179,84.34922790527344,1009600,0.011192740440530327,1.0
2019-04-11,84.52164505051547,85.93943569768659,84.02349685977032,84.53121948242188,1327700,0.0021552719739015686,1.0
2019-04-12,85.30716508909732,86.87823408274399,84.94313209457954,86.86865234375,1532200,0.027276307209170115,1.0
2019-04-15,87.05067936216389,87.17521274923563,85.58498008540163,86.4854736328125,1193100,-0.0044207697142911945,-1.0
2019-04-16,87.17521007745516,89.65634716377883,86.8495040095301,89.62760925292969,2110600,0.03568694654499656,1.0
2019-04-17,89.42644823826242,90.42273736049454,86.58127775329007,87.34765625,3059100,-0.02576720699082547,-1.0
2019-04-18,87.74999660547472,87.99907069883386,86.00649256941396,86.21724700927734,1531400,-0.013025965538410206,-1.0
2019-04-22,85.73827277657853,85.91070758400902,84.44501537521363,84.55996704101562,1156000,-0.019409287178659206,-1.0
2019-04-23,84.55995763948347,85.77658289795623,84.2150953716924,85.48918914794922,1604300,0.010928973442602418,1.0
2019-04-24,85.47961457414944,86.83034765599662,85.47961457414944,86.12145233154297,1082300,0.007368611164705021,1.0
2019-04-25,85.84362959463307,85.9585885418238,83.4870259926662,84.80902099609375,1123700,-0.01535661958796318,-1.0
2019-04-26,83.6977905651774,83.98517700494097,81.90638512487195,83.36249542236328,2227700,-0.017203403764856434,-1.0
2019-04-29,83.04636381650404,84.05222723091774,82.93140486540275,83.15174102783203,1626600,-0.0025313692278093763,-1.0
2019-04-30,83.3624991719149,84.56954273764794,82.88351444203812,84.47374725341797,1685800,0.015773658881349052,1.0
2019-05-01,86.39926577458436,87.36680964269415,84.74197543440796,84.76113891601562,2105900,0.003396367561858287,1.0
2019-05-02,84.79943523921644,87.50090824604565,84.66532012821058,86.97402954101562,3491900,0.025772392807091087,1.0
2019-05-03,84.88567251706965,86.16934805627248,80.50775247615005,83.91812133789062,5988600,-0.03576798557646766,-1.0
2019-05-06,80.50774682737021,83.14216259799596,80.23951657284815,82.88350677490234,2326400,-0.012405488402712864,-1.0
2019-05-07,81.51361176360312,81.90638272109766,79.16658968514412,80.03834533691406,2615900,-0.03493025253956429,-1.0
2019-05-08,79.94254693078294,81.5806811066304,79.5018818649546,80.52690887451172,1819800,0.006085563751487718,1.0
2019-05-09,79.51146525423745,80.45027854175386,78.13198689175685,80.12456512451172,1720100,-0.005008912538320802,-1.0
2019-05-10,79.63600818603861,80.11499297382389,77.21234632924154,79.0899658203125,1774500,-0.012996475393616414,-1.0
2019-05-13,76.6375465984976,77.0111540534672,72.87272682949735,73.40918731689453,2955100,-0.07453691677656027,-1.0
2019-05-14,74.67372484006192,75.26766860287042,74.16600213884024,74.8270034790039,1936600,0.01912973331718933,1.0
2019-05-15,74.17557461573078,76.05319385587106,73.92650051292564,75.44009399414062,1557500,0.008160055360160555,1.0
2019-05-16,73.04517047144793,73.70617172991659,70.03714698689564,70.88015747070312,4312600,-0.0623483563235965,-1.0
2019-05-17,69.08875701471125,70.08504608586428,66.97164547928357,67.45063018798828,4254100,-0.049594602297256214,-1.0
2019-05-20,65.23534203011128,67.29652001931412,64.63817549787684,65.5050277709961,4397100,-0.029269026091379068,-1.0
2019-05-21,67.43136980761288,68.80869985276377,66.26593782300615,67.17131042480469,3605400,0.025119328609146466,1.0
2019-05-22,66.37189289989327,66.99794605604434,65.78435998699945,66.01551818847656,1752400,-0.017356389710080335,-1.0
2019-05-23,64.80191560100288,66.03476896560352,63.906169430099965,65.9384536743164,2544300,-0.0011680515839594414,-1.0
2019-05-24,66.62229900417695,68.33673610177149,66.35261326051742,66.96903991699219,3535700,0.015508634929992675,1.0
2019-05-28,67.3735678392917,67.76847006586253,65.43760633577489,65.5050277709961,2204600,-0.02210352224509931,-1.0
2019-05-29,65.05235044253739,66.18888867668107,64.6574481394767,66.01551818847656,1771700,0.007762938899066086,1.0
2019-05-30,65.98661289750218,67.54693967257849,65.29313106485252,65.75544738769531,1722700,-0.003947320827948177,-1.0
2019-05-31,64.75374861348608,66.11181084893907,64.15658217012455,64.17584228515625,1615500,-0.024315666140504188,-1.0
2019-06-03,64.78265046079031,65.56281381264674,63.84837677611105,64.45516967773438,1398600,0.004343086902310491,1.0
2019-06-04,65.46651141270709,66.9112629995167,65.04271526242592,66.84384155273438,1787300,0.036389237543837306,1.0
2019-06-05,66.94015786200922,68.08632982292879,64.11807609274013,65.45687866210938,2417000,-0.020967591131526464,-1.0
2019-06-06,65.54354284873486,67.20018456211936,65.29311727353213,66.87271118164062,2565100,0.021399394506119516,1.0
2019-06-07,66.7764032159271,67.78772466186426,66.15034288365092,67.56620025634766,2070700,0.01031688249204887,1.0
2019-06-10,68.27896237387051,70.76393697485524,68.1441194744422,70.40756225585938,2753600,0.04119281400088791,1.0
2019-06-11,71.47667209988518,71.97752340471973,70.66761478214866,71.24551391601562,2894100,0.011831178782150346,1.0
2019-06-12,70.65797135803011,70.75428664240182,69.67553635163722,69.98375701904297,1392500,-0.017868682046084,-1.0
2019-06-13,70.28232970444577,71.02396540451419,70.00301026332315,70.64833068847656,1265400,0.009451308407682475,1.0
2019-06-14,68.94354322214457,69.60812391407111,67.72031617253681,69.15544128417969,2035800,-0.021357737801018243,-1.0
2019-06-17,69.01095498492779,69.9163274661046,68.32710692052567,69.77185821533203,1968200,0.008874007894804036,1.0
2019-06-18,70.48459915827203,73.60525985448825,70.10896441467123,72.93104553222656,2804200,0.04428366195991887,1.0
2019-06-19,73.15257549906536,73.56673785657577,72.04493864960813,72.748046875,1539200,-0.00251235438742499,-1.0
2019-06-20,74.37579914767463,74.65511861808304,72.3531487688531,73.04662322998047,1687400,0.004095853053824367,1.0
2019-06-21,72.71914862368646,72.99846808961014,71.98713924224457,72.449462890625,3210700,-0.008208656444731456,-1.0
2019-06-24,72.39167616058502,73.57636812504003,72.23756582626409,73.11405181884766,1368700,0.009131320405173799,1.0
2019-06-25,73.1622130551635,73.35485099220183,71.50556353856358,71.5826187133789,1664500,-0.02116828652943888,-1.0
2019-06-26,73.33557643340578,74.31801144634366,72.9406815603354,73.04662322998047,1787900,0.020245622568996598,1.0
2019-06-27,73.75937822740048,74.97296413980602,73.54748017490198,74.1157455444336,1473000,0.014530088541324175,1.0
2019-06-28,74.63584822305737,75.0018565794839,74.20242578331374,74.4239501953125,3397700,0.004149801056739092,1.0
2019-07-01,80.1933412750746,81.38766711363186,77.97805272197635,78.89306640625,3943900,0.05831554447846456,1.0
2019-07-02,78.60410806852839,78.75821106267122,77.23641184632383,77.86246490478516,1650500,-0.013149345895578386,-1.0
2019-07-03,78.41146882856165,78.66188708493439,76.6103429782113,77.71798706054688,1014000,-0.0018572755631472528,-1.0
2019-07-05,77.00523798823912,77.72761360669683,76.85113501079489,77.37124633789062,810500,-0.004471507051736234,-1.0
2019-07-08,76.51402654036595,77.11118567170372,75.99391522223053,76.42733764648438,1269800,-0.012274762464865809,-1.0
2019-07-09,75.78202006129818,76.89929055292576,75.28117618885511,76.8222427368164,1254600,0.005153762423912905,1.0
2019-07-10,77.72760875570269,78.38256290283061,76.90891790888888,76.96671295166016,1197800,0.001878811865189195,1.0
2019-07-11,77.17862484115601,77.39052291003455,75.66645185225204,76.26361846923828,1211000,-0.009177026641119055,-1.0
2019-07-12,76.41771901427745,78.05510845381775,76.41771901427745,78.02621459960938,1178600,0.022848852421003946,1.0
2019-07-15,78.4018381413044,79.30721061948032,78.20920022693767,79.01826477050781,1204800,0.012634170535001356,1.0
2019-07-16,78.97975071743146,79.05680589637825,77.9491615812736,78.3151626586914,1612600,-0.008937792862684738,-1.0
2019-07-17,78.97010483296515,78.97010483296515,77.14008503066249,77.2171401977539,1614800,-0.014119776834327255,-1.0
2019-07-18,77.67946105328183,78.76783769279163,76.93781795642091,78.42109680175781,2062300,0.015471527342621595,1.0
2019-07-19,78.83525326175334,78.83525326175334,78.04545625721867,78.32477569580078,1817000,-0.0012290099451603596,-1.0
2019-07-22,78.76785457399714,80.33782265275411,78.71970059726863,80.20297241210938,1893400,0.023696603609164073,1.0
2019-07-23,80.82901908113135,81.70550507938482,80.39559662272407,81.42618560791016,2090100,0.015136335111260828,1.0
2019-07-24,81.86925028805715,83.76669173518093,81.68624608298855,83.16952514648438,2599000,0.02118408463955996,1.0
2019-07-25,82.85166977725197,82.99614638005599,81.97519112410875,82.50493621826172,1707400,-0.008022871932279053,-1.0
2019-07-26,82.95761775113414,83.17914951909455,82.32193099454307,82.81314849853516,974000,0.003728722576244691,1.0
2019-07-29,82.81314635035402,83.94005058170517,82.23523996140831,83.60294342041016,1246800,0.009491880773380148,1.0
2019-07-30,82.90946393085783,84.59500713244564,82.67829842951701,84.51795196533203,1421200,0.010885233243875372,1.0
2019-07-31,85.50036823807119,85.50036823807119,81.38764660729909,82.138916015625,1600400,-0.02855204944204926,-1.0
2019-08-01,81.86924137158029,84.4697908052058,78.45962737853412,79.72137451171875,3260400,-0.02987417471225337,-1.0
2019-08-02,78.89306289512699,78.97974445327738,75.88797729002245,76.40808868408203,3396800,-0.04244917354189898,-1.0
2019-08-05,74.02905408308843,74.77068981924118,72.38203855223753,73.02735900878906,3257600,-0.04525441151876922,-1.0
2019-08-06,73.98089281635764,74.99222162377865,73.58599796522488,74.79959106445312,2434300,0.023978266034849375,1.0
2019-08-07,73.84605772102807,77.04377384145299,73.75937616473134,76.95709228515625,3364000,0.028435605573432693,1.0
2019-08-08,73.91348079494273,77.43867779675892,72.9310530599038,77.31346130371094,4937500,0.004620060590362509,1.0
2019-08-09,76.47550112270288,76.66813168373439,73.54747103503777,74.66474151611328,2843800,-0.03486010448832061,-1.0
2019-08-12,74.20243795130264,74.626234076288,73.08515993029984,73.47042846679688,1868300,-0.01612498811243441,-1.0
2019-08-13,73.1429610644388,76.79336770766342,72.75769249593102,75.5508804321289,2028300,0.027923350810145457,1.0
2019-08-14,73.69195232220727,74.82849034078389,72.93104906542939,73.19110107421875,1914500,-0.03173249873320969,-1.0
2019-08-15,73.51859602323843,73.65343892018798,72.53616080444975,72.76732635498047,1450500,-0.005806802902332039,-1.0
2019-08-16,73.63414652650908,74.18315166351606,73.20072412564517,73.83641815185547,1522000,0.014585040131691802,1.0
2019-08-19,75.36784992884246,75.75311836301178,74.06757539335715,74.25057220458984,1260900,0.00559340333017947,1.0
2019-08-20,73.67268315137817,74.49137409152709,73.29704839827002,73.9134750366211,1397200,-0.004550331283368465,-1.0
2019-08-21,75.18484277417204,75.31005923560987,74.13499386497607,74.72252655029297,1313900,0.010886454094637442,1.0
2019-08-22,74.92481151868223,75.1270758410634,73.68232438258141,74.08685302734375,1088400,-0.008543512395763217,-1.0
2019-08-23,73.35483277505428,73.7304674735104,70.61943353551433,70.8409652709961,2466200,-0.044800655633158826,-1.0
2019-08-26,72.08124950066114,72.17814444651337,71.22856362750674,71.46111297607422,1289300,0.00871598839151552,1.0
2019-08-27,71.9262209525455,72.36225191662353,70.54060175194131,70.60842895507812,1405700,-0.012003899614800471,-1.0
2019-08-28,70.08518704414043,71.27700894993025,69.29063664274365,71.09291076660156,1240700,0.006838096242702043,1.0
2019-08-29,72.19752400278686,73.18586422569959,71.73241793796258,72.62386322021484,1227800,0.021305938401866287,1.0
2019-08-30,73.13741842349648,73.28275713415171,72.00372473211647,72.93392944335938,1254900,0.004260392885466337,1.0
2019-09-03,72.53666016940053,72.9048639018578,71.34483095778312,71.86807250976562,1378500,-0.014721843201734187,-1.0
2019-09-04,73.10835045756157,73.91259256756179,72.99207947763618,73.66065979003906,1127900,0.024636756213683202,1.0
2019-09-05,75.17226267739406,76.87763476112713,75.1528792488221,76.86795043945312,2298200,0.04262015210794067,1.0
2019-09-06,76.81948915988983,77.65279905622717,76.54818033645181,77.39118194580078,1548300,0.0067838254353036614,1.0
2019-09-09,77.69154936327604,78.3213775678385,76.62569022849887,77.2458267211914,1343100,-0.0018799544646169028,-1.0
2019-09-10,77.03266402104991,77.8078384399414,76.15090293474556,77.8078384399414,1344000,0.007249285973438192,1.0
2019-09-11,78.48609556357708,80.99570914487335,78.14695959213294,80.91819763183594,2366600,0.03919656132884742,1.0
2019-09-12,81.26703960862588,81.73213833909513,79.20314089025909,79.77483367919922,2024600,-0.014230651305778901,-1.0
2019-09-13,79.60042047290968,80.53062533423959,79.52290155297942,79.59072875976562,1676700,-0.0023104740888365534,-1.0
2019-09-16,79.24189454947712,79.97830944352819,78.10820816025556,79.4356918334961,1342000,-0.0019498266364764024,-1.0
2019-09-17,78.64114923379735,79.07718022892641,77.14894326591232,78.43766021728516,1697400,-0.012643614628280066,-1.0
2019-09-18,78.31168821847191,78.31168821847191,76.42221094039301,77.74968719482422,1405300,-0.008809644101268256,-1.0
2019-09-19,77.80783093560485,78.95120902725824,76.77103950108437,76.8097915649414,1536200,-0.012162401471466416,-1.0
2019-09-20,77.37178965553797,78.44734050566696,76.85823981392163,77.27489471435547,2019400,0.006036999175129968,1.0
2019-09-23,77.20707587907984,78.4570407157734,76.93576705733754,77.36210632324219,949300,0.00112795278682313,1.0
2019-09-24,77.60433874166702,78.23416694622948,76.50941186389024,77.2458267211914,1608000,-0.0015041870321320936,-1.0
2019-09-25,76.77104567544295,78.50548528803968,76.36407504610904,78.4764175415039,1249000,0.015805274879256016,1.0
2019-09-26,77.22645441774885,78.22449389098061,76.9260778400195,77.86597442626953,2300600,-0.0078090939983140855,-1.0
2019-09-27,77.60434006954438,78.23416828488372,74.80403409264238,75.06565856933594,2876400,-0.036625894026134725,-1.0
2019-09-30,75.76332074310925,76.86793945020811,75.46293678408348,76.79042053222656,1911300,0.022716721573845012,1.0
2019-10-01,77.33304649047749,78.49580820742949,74.94939495075167,75.00753784179688,1973400,-0.023491286677204758,-1.0
2019-10-02,74.348630486683,74.59087155026288,72.70138681877353,73.08897399902344,2142000,-0.02591109215097328,-1.0
2019-10-03,73.39904191210584,75.03659385967468,72.11031768582518,74.87186431884766,1453700,0.02410065578611971,1.0
2019-10-04,76.54816512828498,78.19540116767261,76.35437526221921,78.14695739746094,1821700,0.042812946577091886,1.0
2019-10-07,78.05975900070543,79.17406938651769,77.74969073090304,78.36982727050781,1434700,0.002847873781073274,1.0
2019-10-08,77.72062554122525,78.09852102645334,76.48035242123444,76.54817962646484,1827700,-0.02351865540560725,-1.0
2019-10-09,77.61403224981119,78.6120642098173,77.11017411006617,78.2051010131836,1291600,0.02141453414041349,1.0
2019-10-10,80.5306234543201,82.83675582382757,80.47248796203506,82.25537872314453,2907100,0.050493906546126635,1.0
2019-10-11,83.37937811768367,83.78634133552531,81.01510294098539,82.74954986572266,2565500,0.005989792235623079,1.0
2019-10-14,82.45885367781453,82.67202698912095,81.97437156761279,82.34258270263672,1352000,-0.00493019238522601,-1.0
2019-10-15,82.94334131993344,84.37741171452465,82.30382873597213,83.95106506347656,1633000,0.01934568815388869,1.0
2019-10-16,83.78633876899349,83.93168488308775,82.58482518486106,83.00148010253906,1349100,-0.01137563012357625,-1.0
2019-10-17,83.81540926754852,84.92002794278712,83.21464875943548,84.83282470703125,2006600,0.021824111511266314,1.0
2019-10-18,84.58089887218644,85.53047979390473,84.12548444554936,85.0459976196289,2049300,0.0025097068789322625,1.0
2019-10-21,85.4723290972308,87.21646757147033,85.4626373855378,87.10018920898438,1676100,0.02386679758658172,1.0
2019-10-22,86.86763854026167,87.05173670393648,86.1796748728424,86.19905090332031,1206700,-0.010399888968375624,-1.0
2019-10-23,84.91032248296243,86.87732584034008,84.60025426279122,86.51880645751953,1354600,0.0037026387936182448,1.0
2019-10-24,87.49747134894572,88.07884839794461,86.30564211477929,86.90640258789062,1589500,0.004469901208162693,1.0
2019-10-25,87.21647931593475,87.77847299543599,86.90641103349542,87.26492309570312,1296300,0.004116877594816842,1.0
2019-10-28,88.15636589119043,89.08657063314848,87.98195204003515,88.81526184082031,1368700,0.0176099180040759,1.0
2019-10-29,88.66023485252333,88.77651323170268,87.69127053719521,88.37923431396484,1212300,-0.004921466709140284,-1.0
2019-10-30,88.6796086637665,88.6796086637665,87.15833502252897,88.14668273925781,1068100,-0.002634759961815816,-1.0
2019-10-31,87.7784723153122,88.23388671874999,86.5188231619297,88.23388671875,1689600,0.0009888162496075135,1.0
2019-11-01,91.71246285228801,95.51080073559102,91.65431997341214,95.24918365478516,3872300,0.07650535103060525,1.0
2019-11-04,96.06311178155825,96.18907446829687,95.18135818916728,95.42359924316406,1896400,0.0018294759679403287,1.0
2019-11-05,95.68521856221155,96.84797269149297,95.52049641587527,95.6561508178711,1906800,0.0024340799006711154,1.0
2019-11-06,95.07476544920574,95.50110464997935,94.1833128091668,95.0844497680664,1486500,-0.005994557635244969,-1.0
2019-11-07,96.12123845621333,96.4216223626043,94.89065726748136,95.57862091064453,1476400,0.005183722756488484,1.0
2019-11-08,95.5398711461415,97.68128119716727,95.42360017036385,97.32276916503906,1735600,0.01808380732758939,1.0
2019-11-11,96.94488058004782,97.4390470473503,96.16970618773706,97.26463317871094,1507900,-0.0005975308509970226,-1.0
2019-11-12,98.76653209178367,99.67736090584766,97.31308563152547,98.43708038330078,4361600,0.011982125354955452,1.0
2019-11-13,92.63298952024047,98.8246710677656,92.58454573875765,98.00105285644531,7337400,-0.004439344192072,-1.0
2019-11-14,96.89642411244067,97.3033873194864,95.31701506074766,95.68521881103516,2592800,-0.023914388901433502,-1.0
2019-11-15,96.58635966244779,96.99332288555298,95.48174097538467,96.33442687988281,2687700,0.006761917929634281,1.0
2019-11-18,95.8305625478931,96.13093908955311,94.15425119959339,94.4255599975586,2671000,-0.020013951886321366,-1.0
2019-11-19,95.03601187810027,95.05538790963068,92.34229254614662,93.61163330078125,2528900,-0.008657136025840152,-1.0
2019-11-20,92.66204728640874,94.61935918423829,92.63297954212787,93.059326171875,2156100,-0.005917457563959333,-1.0
2019-11-21,93.40815496727848,93.98953203744158,92.61360457977977,93.4178466796875,1478500,0.003845199324655071,1.0
2019-11-22,93.89262268250026,94.83251904145666,93.39844892202238,94.8034439086914,1767000,0.014723331829166117,1.0
2019-11-25,95.44296724876935,97.98165594251265,95.09413956893869,97.69096374511719,2253800,0.030003328204849303,1.0
2019-11-26,97.38090732525765,97.58438893106283,95.71428762901267,96.04373931884766,2237400,-0.01700535934654943,-1.0
2019-11-27,96.46039893587933,97.022392610993,96.03405227862466,96.53791046142578,991000,0.005132080110175755,1.0
2019-11-29,95.83056069527274,96.78014146979342,95.0553863795492,95.24918365478516,900000,-0.0134393423037074,-1.0
2019-12-02,95.48278195156672,96.40744129254935,94.9474598944341,95.73584747314453,1753600,0.005096366650581259,1.0
2019-12-03,93.80866029256201,94.97664976113454,93.07866965939743,94.84038543701172,2085700,-0.00939748480181843,-1.0
2019-12-04,96.00837280310877,97.43915571157969,96.00837280310877,96.1835708618164,1191300,0.014063236759306121,1.0
2019-12-05,96.9816967225723,97.65329053951533,96.54370527508298,97.31262969970703,1220400,0.011670220385127885,1.0
2019-12-06,97.86741993857669,99.36632759707739,97.81875092300169,98.65580749511719,1813200,0.013708318018042995,1.0
2019-12-09,101.147500334301,102.60748160041682,100.39804655173498,100.47591400146484,2874500,0.0182809366708286,1.0
2019-12-10,100.88471741940054,102.19869920978503,98.82127434300193,101.60497283935547,1856200,0.011174442117132923,1.0
2019-12-11,101.98457987196373,106.84144990085596,101.85805080698191,106.37425994873047,4007300,0.04587115064978154,1.0
2019-12-12,105.11865333964451,109.76139059477197,104.63199290751653,108.51554107666016,3464200,0.019929768587214066,1.0
2019-12-13,108.63234117307525,109.84899224129279,107.65902031850122,108.87567138671875,2333800,0.0033132032837608497,1.0
2019-12-16,109.84900720324318,111.3673855669173,109.78087503117702,110.14100646972656,2116600,0.011554820150463954,1.0
2019-12-17,110.45246253156685,110.6860574757993,109.30394353580405,110.08259582519531,2430200,-0.0005304667192095781,-1.0
2019-12-18,110.37459036735062,113.0414875256541,109.9657973759167,112.77869415283203,2802400,0.024196484431890142,1.0
2019-12-19,113.00255241664892,115.06599535069407,112.10709899136197,114.70586395263672,2814600,0.016943707488904277,1.0
2019-12-20,115.36772047577031,116.01984367049072,113.888276034301,115.72785186767578,3475600,0.00887018301326877,1.0
2019-12-23,116.22425877328273,118.12223166474095,115.941994805298,116.82771301269531,2269700,0.009458981092689877,1.0
2019-12-24,117.12942782587858,118.97873893080522,116.80823758819746,118.90087890625,1095900,0.01758988445335754,1.0
2019-12-26,118.86194982608399,119.6114036444264,117.52849753273814,119.0176773071289,1472600,0.0009818352306825034,1.0
2019-12-27,119.3680655893227,119.40699931349153,117.47009294764639,119.02740478515625,1414100,8.172803191102924e-05,1.0
2019-12-30,118.55048662970565,118.67701567130736,117.20729905737635,117.801025390625,1277700,-0.010356783226503576,-1.0
2019-12-31,117.26570687233209,118.005425419643,116.02958515427568,117.655029296875,1171300,-0.0012401134696166957,-1.0
2020-01-02,118.75487550665865,119.13447003296365,116.51623464694076,118.42394256591797,2351900,0.006514057409786986,1.0
2020-01-03,116.71091401512192,117.66476434953017,114.51120667678468,115.48452758789062,2339000,-0.025134358913863748,-1.0
2020-01-06,113.91748418576465,114.32627720007272,112.0097760264775,113.45028686523438,3177000,-0.01777182092680919,-1.0
2020-01-07,114.04400211204887,115.31905747400523,113.19721772583642,114.5306625366211,2055800,0.009477842439696068,1.0
2020-01-08,114.92973664191814,117.64530291461392,114.45280404190841,116.35078430175781,2139000,0.015767048385507063,1.0
2020-01-09,117.67449872465535,117.99569640503145,114.46253677259276,116.45784759521484,1935800,0.0009197537061418637,1.0
2020-01-10,118.05409837338907,118.25849488084661,116.4481173281089,116.87638092041016,2429900,0.003587418585946976,1.0
2020-01-13,117.95676899897346,121.8889865511507,117.8302325221872,121.18819427490234,2960600,0.036227859017245415,1.0
2020-01-14,121.92790227881419,122.39509956440574,119.33887262263083,120.04939270019531,2183500,-0.00944139798753112,-1.0
2020-01-15,119.71847571765538,119.96180595285387,116.72064543780616,117.20730590820312,2165500,-0.023959051629817506,-1.0
2020-01-16,118.47263105767821,120.0494062951825,118.20983023419433,119.80607604980469,1667500,0.0219301903733125,1.0
2020-01-17,120.63339438043019,121.42178193092438,119.73793351132232,120.85725402832031,1979300,0.0087357277325075,1.0
2020-01-21,120.70153548951433,122.12258321367729,120.30247032766907,120.49713897705078,2158500,-0.0029841206867624345,-1.0
2020-01-22,121.35365388381105,123.54362597693142,121.22712483618098,121.62618255615234,2597000,0.009326253708491024,1.0
2020-01-23,122.08365153152107,124.90628387517793,121.09086739349614,124.77001953125,4327600,0.025519935532654074,1.0
2020-01-24,123.12508399133303,125.05225506054826,117.56742298843871,119.04686737060547,7203700,-0.04695493993492662,-1.0
2020-01-27,115.30932569688096,115.33852413510844,113.09988314358108,113.7617416381836,3086000,-0.045410983329285726,-1.0
2020-01-28,114.95893673586424,117.8399658251172,114.65720962095025,116.5941162109375,2205700,0.024592535633727257,1.0
2020-01-29,116.79850438238793,117.12942991373055,114.65720143905038,114.74479675292969,1609900,-0.015988307618936003,-1.0
2020-01-30,113.46001489086294,115.33852448971247,111.05591112475587,113.12908935546875,2982200,-0.01418095334617705,-1.0
2020-01-31,112.41857420069873,112.65216915876093,109.71274304010792,110.13127136230469,2448400,-0.026856520059138005,-1.0
2020-02-03,110.10206623253674,112.40883208320547,109.69326579844854,111.96110534667969,1721300,0.016478506985050878,1.0
2020-02-04,114.7447950832294,115.57211632539617,113.547614589206,114.81292724609375,1624200,0.025152546927838387,1.0
2020-02-05,116.62330290686539,117.45062413679592,114.98812359645679,116.44810485839844,1275100,0.014141637684260657,1.0
2020-02-06,116.46758394745018,117.10997188822157,113.41134945059488,114.5404052734375,1808900,-0.016518076673982657,-1.0
2020-02-07,113.31400848567287,113.7228014493248,110.90017700195314,110.90017700195312,2582800,-0.032297154824258184,-1.0
2020-02-10,109.88400906617332,113.61650848388672,108.89714187074466,113.61650848388672,1630400,0.024198326484807558,1.0
2020-02-11,114.69130068608163,117.53464804353666,114.44702716552926,116.44029998779297,1694700,0.02454987831355475,1.0
2020-02-12,117.84731810256028,120.45615751850127,117.68121389734372,120.23143005371094,2002300,0.03203977402941477,1.0
2020-02-13,119.04914655735968,121.66775915334036,118.27724874607496,119.78196716308594,2151300,-0.0037453193966434325,-1.0
2020-02-14,120.02623017773296,120.79813537599497,115.54137204202266,116.26441955566406,1815200,-0.02980607387250508,-1.0
2020-02-18,113.41132056781389,116.06901791594063,112.95208511292827,114.09528350830078,2444400,-0.01883315642423398,-1.0
2020-02-19,115.37527807834537,117.65190921835513,115.05283522236732,116.41099548339844,1751800,0.02009307421227563,1.0
2020-02-20,116.05924255829702,116.76275154276097,113.31361036775435,114.80856323242188,1363300,-0.01386092003130092,-1.0
2020-02-21,114.17344547000386,114.32001107769743,110.87087005587284,112.0042953491211,1894700,-0.024728851829351042,-1.0
2020-02-24,107.51943720177306,110.30415393581457,106.30784258768134,108.64309692382812,3102700,-0.03046905219260858,-1.0
2020-02-25,109.41499685214735,110.09895971687689,103.37655522269182,103.73807525634766,2843400,-0.04619895448173481,-1.0
2020-02-26,104.51976534368532,106.93318915447743,101.3539822963753,101.43214416503906,2756600,-0.02247917069474748,-1.0
2020-02-27,98.19796128746897,99.3509326734078,95.10057464592231,95.32530212402344,3630300,-0.0620947693732843,-1.0
2020-02-28,89.85357696323177,97.92437671370243,89.69724577594947,97.88529205322266,4765500,0.02650102871142148,1.0
2020-03-02,98.96987056851341,101.9402377757249,96.48805045219915,101.88160705566406,2899800,0.0400151201320025,1.0
2020-03-03,101.90115532543678,104.30480617026056,97.17201550650496,97.34789276123047,2428900,-0.045520338415135225,-1.0
2020-03-04,99.67337888342803,101.00222755785737,97.82667148896783,100.9924545288086,5037900,0.036754720837893586,1.0
2020-03-05,98.64741106057151,98.95030782035441,95.67704435437112,96.33169555664062,3527000,-0.04724840825728406,-1.0
2020-03-06,92.56989481822538,95.65751581487454,91.20196155964204,93.5176773071289,3053300,-0.02964691762467882,-1.0
2020-03-09,85.32963775849478,91.01632566987992,84.28414726901006,86.29695892333984,3867100,-0.08035612149624116,-1.0
2020-03-10,89.87312914067694,93.59585571289062,87.57695177261297,93.59585571289062,3596500,0.08119174689488598,1.0
2020-03-11,91.00654869220328,91.61234974992144,86.64870967021427,87.78213500976562,3080600,-0.06412809968701241,-1.0
2020-03-12,81.33330335651868,88.29021539578551,78.32385946933933,78.70492553710938,3923100,-0.1091522665394241,-1.0
2020-03-13,83.68811695326502,85.00719258871423,77.01456199885425,81.09881591796875,5730600,0.029962621037934668,1.0
2020-03-16,71.02497804277188,77.99165683436001,66.34469604492188,66.34469604492188,4192800,-0.20080454219680113,-1.0
2020-03-17,68.39658433041222,78.86126083840897,67.87872567036659,75.99837493896484,4974200,0.13584813912935742,1.0
2020-03-18,69.50071134196207,75.89090863364541,67.72240010455572,70.44849395751953,3246600,-0.07583009702550617,-1.0
2020-03-19,70.48756386154919,77.89393851718572,70.48756386154919,75.50982666015625,2991100,0.06938094157460355,1.0
2020-03-20,78.16752854213834,79.62339667393746,71.7675591608962,71.9825210571289,2999500,-0.04783947577588714,-1.0
2020-03-23,72.47107541527322,74.33732892555216,69.37368857370117,73.23320770263672,3623000,0.017225648786929143,1.0
2020-03-24,77.86462913206559,85.60321240799155,76.96569691858305,85.29054260253906,3889900,0.1524146009290928,1.0
2020-03-25,85.46642336415307,90.39097859441212,82.84781083984001,83.38520812988281,3938100,-0.02259264308342098,-1.0
2020-03-26,84.61633237321938,90.93813125765875,83.86397333137205,90.83065032958984,4192200,0.08552585426155798,1.0
2020-03-27,88.2022749813097,88.2022749813097,84.24504862481831,85.0951156616211,3329500,-0.06522714869149421,-1.0
2020-03-30,86.49236081962478,88.47586797535443,84.16687969672793,88.04594421386719,2121800,0.03408913292273969,1.0
2020-03-31,87.90915386215501,92.12042687964103,86.88320211623608,87.3326644897461,3247500,-0.008134215024995062,-1.0
2020-04-01,84.35253903712301,87.15679445266994,79.46706832890975,80.56140899658203,2898500,-0.08070481826485897,-1.0
2020-04-02,79.96538208779245,82.17361696596565,79.24233450020252,81.46034240722656,2256000,0.011096567305659793,1.0
2020-04-03,80.85454837786538,81.81210401331744,77.68876512686437,78.4606704711914,2081700,-0.037518819456585153,-1.0
2020-04-06,82.11498574536598,88.15342733791131,81.76323128718774,87.74304962158203,2683700,0.11181516648379117,1.0
2020-04-07,91.0163234618953,91.72959803167657,87.50855151381717,87.87007904052734,2233000,0.0014466964066796237,1.0
2020-04-08,89.50181775050419,92.23768420262083,87.09816716761598,90.8697509765625,2381900,0.033567824243311215,1.0
2020-04-09,92.67737281574777,93.11706962841362,86.75618502412595,87.88961029052734,2803000,-0.03334557475988607,-1.0
2020-04-13,87.9384696549628,88.78854421196323,86.62916712943662,88.397705078125,1938400,0.005764410144505054,1.0
2020-04-14,93.32226118851428,93.67401566695447,89.53113124413346,93.49813842773438,2896100,0.05609551758071429,1.0
2020-04-15,91.31921111149953,91.78821954628914,88.04594745990282,90.74272918701172,1999700,-0.02991317544877036,-1.0
2020-04-16,91.55371893960918,93.37111465629947,90.13693540293536,92.8337173461914,1520000,0.02278155649055941,1.0
2020-04-17,94.719508589325,95.39369847870981,91.35830235258054,93.21478271484375,1961700,0.00409641465965115,1.0
2020-04-20,91.69051343962012,92.73601135916935,90.13693728576598,90.4105224609375,1387500,-0.03054566240559413,-1.0
2020-04-21,89.39434167434659,90.02945436261868,86.06245450007229,86.08199310302734,1811000,-0.04906040930513726,-1.0
2020-04-22,88.92533482542818,91.2703621219978,88.63220361786837,90.81112670898438,2271800,0.05348156872423417,1.0
2020-04-23,91.01632052640217,92.43310404590487,90.27372689356487,90.66456604003906,1459300,-0.0016152102641268263,-1.0
2020-04-24,91.2410452208799,94.56316668263034,90.33234740126339,94.29935455322266,1457900,0.03930773632196117,1.0
2020-04-27,95.55980173272133,97.17200096266208,95.32529379176161,96.12651062011719,2113000,0.019190797860682927,1.0
2020-04-28,98.68651759323103,101.47123466805314,97.9341583134023,98.36407470703125,2203900,0.023010500088173028,1.0
2020-04-29,99.99581146548644,104.40250815750566,99.99581146548644,103.78694152832031,2051800,0.053664515704750546,1.0
2020-04-30,103.38632599914769,103.53289160743341,100.76771347082507,101.50053405761719,2552600,-0.02227609853961709,-1.0
2020-05-01,98.48131913239867,99.38024395087407,96.14606473731764,96.56621551513672,2358900,-0.04983511594092989,-1.0
2020-05-04,95.95064018251975,97.95368612249014,94.5143180793266,97.33811950683594,3376800,0.00796174122818604,1.0
2020-05-05,101.6666452008448,106.04402264221258,100.8751939020199,102.3115234375,5330000,0.04983162477993827,1.0
2020-05-06,104.13868265601063,105.67271997239669,102.99548443935974,103.47425842285156,3021400,0.011300560694823209,1.0
2020-05-07,105.00830098303582,105.8095178229172,103.35700961787795,103.75762176513672,1564600,0.0027347483276290606,1.0
2020-05-08,105.72158064500667,108.74080534773006,104.55884371308774,108.67240905761719,2123000,0.04628031618185286,1.0
2020-05-11,107.4217307538948,109.0437031289988,106.12219377531515,107.88096618652344,2188600,-0.0073094810367158375,-1.0
2020-05-12,108.94600113562636,110.15759583225784,105.67273712158203,105.67273712158203,1812000,-0.02068152169500423,-1.0
2020-05-13,106.08311002587656,106.85501528771684,101.78389433741886,103.71854400634766,2097100,-0.018666009820107254,-1.0
2020-05-14,102.49718438184625,105.9756373928511,99.97627952449146,105.86815643310547,2142800,0.020513589867909292,1.0
2020-05-15,102.10633840207066,104.11914996020667,101.32466010230537,103.78694152832031,2033400,-0.0198543540479646,-1.0
2020-05-18,106.8354704056005,110.91972423636686,106.48372337110814,110.1087417602539,2135400,0.05912828028516199,1.0
2020-05-19,109.7862888306179,112.87390217403824,109.77651580275072,109.97193908691406,1657800,-0.0012432049049734672,-1.0
2020-05-20,112.2575077855678,115.29838593499001,111.45314637205747,115.14143371582031,1772900,0.04593599706614478,1.0
2020-05-21,114.77848717364947,115.92617213541139,111.74741312655526,111.95340728759766,1305600,-0.028078452725643334,-1.0
2020-05-22,112.64007030290965,115.474954298682,110.98229802409212,114.78829956054688,1506200,0.02500678010724602,1.0
2020-05-26,117.71146164213707,119.0651407568201,115.15123675270914,115.47494506835938,1617300,0.00596402212801662,1.0
2020-05-27,115.877134067648,116.91692384278377,112.40464468962688,116.75997161865234,2111900,0.011066722296679606,1.0
2020-05-28,116.53435542070518,117.96651070566519,112.54197512764938,113.26786041259766,1997800,-0.03036484314557297,-1.0
2020-05-29,113.66022632221865,117.15233056511984,112.6008213887903,116.27930450439453,2644600,0.02623963469235369,1.0
2020-06-01,115.896749094176,117.33871575049166,114.58230049852675,116.82862854003906,1122200,0.004713053265142322,1.0
2020-06-02,117.3289157557367,121.5469133582335,116.4166515060755,121.40957641601562,2027400,0.03846161095393798,1.0
2020-06-03,122.61610651128584,126.04935749360185,122.38068568227428,124.8330078125,2222100,0.027807147964729207,1.0
2020-06-04,123.75398426494324,126.31420909919431,123.75398426494324,126.21611022949219,2216300,0.01101869165261659,1.0
2020-06-05,128.11911998976746,135.25047704785572,128.01121721562518,133.5632781982422,3555300,0.05657976124010279,1.0
2020-06-08,134.4363077269867,135.58399273521644,130.2281143956906,132.1703643798828,2715500,-0.010483629865943537,-1.0
2020-06-09,131.0521291097011,133.52405957742033,129.5905394140165,131.94476318359375,2019400,-0.0017083553921198005,-1.0
2020-06-10,132.49407940268958,132.81777278195057,129.12948534781586,129.384521484375,2488500,-0.01959461695082347,-1.0
2020-06-11,125.254808915981,126.31421388419484,120.71310349043013,121.0270004272461,2959100,-0.06677509259542948,-1.0
2020-06-12,124.73492491770959,125.77470717688189,121.1447214823208,124.48969268798828,2439000,0.02820925809215416,1.0
2020-06-15,121.02700644098505,124.88205736362887,120.48750002984328,124.81339263916016,2375500,0.002596840168705313,1.0
2020-06-16,129.31586526782462,130.82648926491837,123.39105351206935,125.94146728515625,2513900,0.008997490669450601,1.0
2020-06-17,127.36379812191156,129.46298525940117,126.71638148950605,128.24664306640625,1796000,0.018138055126547575,1.0
2020-06-18,127.7463559527102,128.47224866743068,125.87279328327284,126.6379165649414,1424300,-0.012623344985090965,-1.0
2020-06-19,130.30659278531724,130.30659278531724,124.09731847405415,124.92129516601562,3667600,-0.013648063477657155,-1.0
2020-06-22,124.7349308809948,125.76490928862259,122.93001769233263,125.14691925048828,1578800,0.0018045007936944664,1.0
2020-06-23,126.30439877939173,127.2559010023099,125.15671377157837,125.90222930908203,1419900,0.006017246757470582,1.0
2020-06-24,125.86298066392746,126.91258173727255,122.63572378999427,123.99922180175781,2393700,-0.015230358082849572,-1.0
2020-06-25,124.25426341407899,125.1371009311403,122.41993113940606,124.87225341796875,1339500,0.007015952282862438,1.0
2020-06-26,124.1855944244142,125.6962257941926,122.51801832582285,123.44989776611328,2292100,-0.011455854425115326,-1.0
2020-06-29,123.73437535072426,123.98941896949704,121.05644354723867,123.5970458984375,1068800,0.0011912565890749539,1.0
2020-06-30,123.53818061645102,125.94145328307268,123.0280934282084,125.42156219482422,1928800,0.014653916504829475,1.0
2020-07-01,125.26461469314351,125.26461469314351,123.40085581256261,123.44989776611328,1371700,-0.01584517309390449,-1.0
2020-07-02,125.08804115695496,127.56979738428275,124.86243171694801,125.97087860107422,1731900,0.02021537037411105,1.0
2020-07-06,128.393797384203,130.73821711690843,127.73657674433376,128.943115234375,1460500,0.023320581906741338,1.0
2020-07-07,130.9834242092686,132.65100021062923,129.62973764723205,129.75726318359375,2511900,0.006294158841197405,1.0
2020-07-08,130.60088583594145,131.003070316285,128.08971000281173,129.6297607421875,1289700,-0.00098310586046862,-1.0
2020-07-09,130.31642160743465,131.05211834597617,127.29515853835625,130.19869995117188,1223200,0.004379351798180879,1.0
2020-07-10,130.20849954757307,130.5910611962782,127.24609026121328,128.7174835205078,1081300,-0.011441792244683955,-1.0
2020-07-13,130.7774364056542,132.23901075621026,126.3632567514761,127.0008544921875,1866700,-0.013426137744995946,-1.0
2020-07-14,125.83355026906337,128.98233842806846,124.11692480081929,128.67823791503906,1748300,0.013121194014354336,1.0
2020-07-15,129.36491535404423,129.87498763375388,126.54963907555643,128.8155975341797,1306900,0.0010668964709802614,1.0
2020-07-16,127.52074073112352,130.0221121005603,126.66733748669112,129.11965942382812,1565500,0.002357661640212776,1.0
2020-07-17,129.9534496550834,131.71912457589696,129.29622912273902,131.39541625976562,1538200,0.017471654727767558,1.0
2020-07-20,132.15074936639607,135.43686733663222,131.2777231994426,135.17201232910156,1930700,0.028336911205111583,1.0
2020-07-21,136.56490720516737,137.21232379819088,134.0635357996023,134.8286590576172,1924700,-0.0025433526132115783,-1.0
2020-07-22,134.387254511782,135.7801717040179,132.62157956113558,133.7006072998047,1455900,-0.00840175381120346,-1.0
2020-07-23,134.50499426212903,136.53552469664848,131.92516089073482,132.75894165039062,2946200,-0.007068011436156525,-1.0
2020-07-24,128.96272243392167,133.4063291105486,126.10821577024325,129.1000518798828,3028100,-0.027947315208120098,-1.0
2020-07-27,131.06189789274066,135.13274643575303,129.79650632341855,134.08316040039062,2274400,0.03787250775064877,1.0
2020-07-28,134.75021291376584,135.3191535340106,131.89572087866392,132.09190368652344,1752100,-0.014962287088151421,-1.0
2020-07-29,133.28861090794598,134.60305191531285,132.02320436663547,133.8477325439453,1330600,0.013204909172906183,1.0
2020-07-30,132.34691476311235,139.5469287186118,132.22920809425725,139.478271484375,3187900,0.04120599961490256,1.0
2020-07-31,141.6559344617167,143.11750882385766,138.55619579883344,142.80361938476562,3537500,0.02356156625503728,1.0
2020-08-03,144.1278757195954,146.63906627004005,143.76493681722624,144.39273071289062,1882800,0.01106648845211078,1.0
2020-08-04,144.62815610453188,145.06957110588334,140.23359892397534,142.49954223632812,1822700,-0.013198096541186002,-1.0
2020-08-05,142.08753829015112,143.33330705096992,140.7142290317841,142.5976104736328,1427900,0.0006879636660026248,1.0
2020-08-06,142.92134302798675,146.34479040414044,142.32297577812122,145.24615478515625,1267300,0.018403171308879956,1.0
2020-08-07,145.87395769914684,145.89356550227492,139.6842831564307,141.61671447753906,1526100,-0.02530570791273286,-1.0
2020-08-10,141.58717452157902,142.22700323439497,138.7916582022586,141.2918701171875,1499700,-0.0022964626794833637,-1.0
2020-08-11,140.94737026047045,142.3057615996886,138.5652739399709,139.1165008544922,1656500,-0.015516033974593103,-1.0
2020-08-12,140.1106709317644,145.5343830644363,139.1361858992869,145.24891662597656,1640900,0.04313721928404345,1.0
2020-08-13,145.38672656939855,146.9813644193521,144.5008283348295,145.7410888671875,1412800,0.0033827464946976204,1.0
2020-08-14,146.15447399230564,146.29228068507294,143.22115152065766,143.83143615722656,997900,-0.013189651845726865,-1.0
2020-08-17,145.06187701737238,145.3670193747746,142.3746386540182,143.8019256591797,1215200,-0.00020519523857775792,-1.0
2020-08-18,143.1916620630417,144.32364484999528,140.82925667296158,140.94737243652344,1178700,-0.020050260855582806,-1.0
2020-08-19,141.34108442476187,141.61669785266602,139.21491082109674,139.82521057128906,1717100,-0.007993428904219795,-1.0
2020-08-20,138.4372976898068,140.0319204661677,137.17734623345635,138.42745971679688,1708500,-0.01004671480801483,-1.0
2020-08-21,138.05339923490146,140.08113303439853,137.216705958889,139.82521057128906,1322500,0.010046714808014867,1.0
2020-08-24,141.41985302620122,141.99077092658447,138.81136306909508,140.0220947265625,1541000,0.0014070829629597027,1.0
2020-08-25,140.72098744492675,141.62657673354946,139.19526032025914,140.29771423339844,1189500,0.0019664653502482797,1.0
2020-08-26,140.24847547661474,141.54780885948247,139.07711084140078,140.47488403320312,1320400,0.0012620164817586186,1.0
2020-08-27,141.22297601837556,141.22297601837556,136.5276794877717,137.90576171875,1754100,-0.0184581456762996,-1.0
2020-08-28,138.51606144628622,141.45923783218092,138.0927882443914,141.37063598632812,1060400,0.024814499816687027,1.0
2020-08-31,141.2032928153307,143.11291106994233,139.71694774015288,142.5813751220703,2039200,0.008527824602960067,1.0
2020-09-01,143.69365989045022,145.44578036369018,142.27621073910865,144.16615295410156,1472500,0.011053584165402499,1.0
2020-09-02,146.1741879091735,151.82429323952672,144.91423651463847,150.88916015625,2137200,0.04557905420295266,1.0
2020-09-03,146.67618537931477,147.247103164888,137.24622647517236,137.71871948242188,3485900,-0.09133218812752901,-1.0
2020-09-04,137.43327150859784,139.43147651614754,131.76348983956404,136.83282470703125,3237100,-0.006453417354075856,-1.0
2020-09-08,131.01540034686977,133.31874777707588,128.67267098360682,128.79078674316406,2678600,-0.060570643480092175,-1.0
2020-09-09,133.0037355917748,136.4095514202748,132.96436868349716,135.45474243164062,2713100,0.05044830071881672,1.0
2020-09-10,137.0887641544222,138.4471404472325,132.08832506806255,133.11203002929688,2172200,-0.01744647562600341,-1.0
2020-09-11,135.41539719570673,136.27176652099593,132.02927178932086,134.0176239013672,1496100,0.006780208247297554,1.0
2020-09-14,135.28741819937733,136.70486733382205,133.9487179079358,135.63192749023438,1182200,0.011973488304591655,1.0
2020-09-15,137.2068811713713,140.52409561729075,137.11829435099045,138.7030792236328,1760800,0.022390726418049584,1.0
2020-09-16,140.1795697795593,140.59298991239385,138.05339622229167,138.14198303222656,1460500,-0.00405350888408019,-1.0
2020-09-17,132.84625029430924,136.6556331810902,132.84625029430924,136.1929931640625,1825800,-0.014209071598968885,-1.0
2020-09-18,137.24624068989934,137.71873374608543,131.57645919391982,133.8798065185547,2415300,-0.017130516037780822,-1.0
2020-09-21,131.48789512792695,132.53129118953586,129.38141203567636,132.14739990234375,2050800,-0.01302446565093008,-1.0
2020-09-22,133.46638526577166,137.51201502990824,131.6748979234462,137.4529571533203,1695400,0.0393637632672688,1.0
2020-09-23,136.88203689208743,137.4431167493598,131.4977069479095,131.82254028320312,1369000,-0.041825102485798,-1.0
2020-09-24,129.8932585332468,135.47445359667853,129.87356756626943,133.08250427246094,2145300,0.009512642483452006,1.0
2020-09-25,133.4762332126181,136.73438945286773,131.52723324005964,135.83863830566406,1909000,0.020498429490709184,1.0
2020-09-28,138.4274634744897,141.75451583869568,136.8426786281188,141.71514892578125,2052300,0.04235135115995362,1.0
2020-09-29,142.92588120767994,144.18583270437983,141.45922713250943,142.08920288085938,1452600,0.002636000253623191,1.0
2020-09-30,141.2721911518246,144.82565186184246,141.11469347020804,143.22117614746094,1826000,0.007935072043599141,1.0
2020-10-01,145.1898583029378,150.0918574489082,144.83549601408416,149.7178192138672,1983900,0.044362195448121866,1.0
2020-10-02,145.78046319170673,147.2766461311221,144.50082079315462,144.5303497314453,1604000,-0.03526279892423798,-1.0
2020-10-05,145.7804716777596,149.38313753719402,145.7804716777596,149.24533081054688,1359900,0.032101949189637,1.0
2020-10-06,148.22162703794933,149.32408086000697,144.24489286014406,144.96347045898438,1568900,-0.029109684619556448,-1.0
2020-10-07,147.60146522428965,148.66455195955388,146.69587615791,147.51287841796875,1331700,0.017433700464382036,1.0
2020-10-08,148.63504843595655,149.28471516632433,147.4636837305438,149.1764373779297,2172700,0.011214265599860449,1.0
2020-10-09,150.89901570254148,152.41488958668944,150.09185134748463,151.86366271972656,1897000,0.01785341367286628,1.0
2020-10-12,154.02922234507776,156.12586731343578,152.828328656327,154.62966918945312,2307900,0.01804986456712467,1.0
2020-10-13,155.30883714140273,155.52539268723518,150.01309428027199,150.80056762695312,2023900,-0.02507480744534314,-1.0
2020-10-14,152.35582193699463,152.40504183691712,149.4323371152941,150.90884399414062,1121000,0.0007177526962392343,1.0
2020-10-15,148.2019275619959,151.33213022676645,147.25697148871848,150.97776794433594,965500,0.0004566214510164822,1.0
2020-10-16,151.9817805268409,152.4936404901461,150.52496449876315,150.75135803222656,1110000,-0.0015007497461234404,-1.0
2020-10-19,152.090072208355,154.5213884815223,148.02476612804384,148.77285766601562,1188900,-0.01321114647026447,-1.0
2020-10-20,150.26904975175663,151.54869221589811,149.05830314055618,150.0623321533203,954300,0.008630057866925568,1.0
2020-10-21,150.22964573096698,151.0958678906842,147.95582758151366,148.03457641601562,858400,-0.01360488455831346,-1.0
2020-10-22,148.54646019241218,149.15674498308115,145.02252813634894,147.3849334716797,903400,-0.004398111633004481,-1.0
2020-10-23,147.24712356435887,148.1920946899689,146.48919408902657,147.41445922851562,819300,0.00020031083961342773,1.0
2020-10-26,146.06591685815772,146.4301171159064,142.54198497624031,144.98313903808594,1311300,-0.016630616954042204,-1.0
2020-10-27,145.1800134076902,145.87888495917554,142.1482506408975,142.8471221923828,1100900,-0.014842470350029559,-1.0
2020-10-28,140.12053460890294,140.70129048342264,136.91158278871515,137.60061645507812,1707300,-0.037419577272604386,-1.0
2020-10-29,137.80731753312185,144.49096582476378,137.61045294060708,142.88650512695312,1459600,0.03769523915524086,1.0
2020-10-30,140.59299151864997,141.6560783094294,137.44311307549154,139.0771026611328,1796000,-0.02702216994799206,-1.0
2020-11-02,141.13437942787414,142.58135740929993,137.74825449228737,139.89410400390625,2388700,0.005857261674512908,1.0
2020-11-03,139.6972435663116,140.6914195136234,132.72812890309567,136.62611389160156,5238800,-0.023637637046944864,-1.0
2020-11-04,139.86458367851716,140.38628162015272,136.97062753748617,137.3446807861328,3016100,0.005245584976014097,1.0
2020-11-05,141.60685741907264,146.98134920940657,140.26815721260226,146.7844696044922,5281200,0.06647163334754394,1.0
2020-11-06,145.77061983124392,146.38091964245933,141.66593191974331,144.4417724609375,2581600,-0.016088850104066216,-1.0
2020-11-09,148.97955438660978,149.51109026963317,142.15808459901143,142.31558227539062,2372500,-0.01482946550477141,-1.0
2020-11-10,140.632358098885,141.73482681626407,134.71649242698922,135.09054565429688,2588300,-0.052101739925865954,-1.0
2020-11-11,137.55142324957413,142.23686759863327,136.9805053004344,141.61672973632812,1982100,0.04717905997181662,1.0
2020-11-12,141.64623035886646,142.16792829053009,138.14198952738792,139.12632751464844,1941500,-0.017741970701684852,-1.0
2020-11-13,141.8824804869362,142.77823168284988,138.74243982464517,139.28382873535156,1374800,0.0011314331317976464,1.0
2020-11-16,138.79165183276766,141.48874324005203,138.46681850482497,141.16390991210938,1922300,0.013407912299485736,1.0
2020-11-17,140.92765548357067,141.2623267651571,138.34869498929217,138.57508850097656,1474600,-0.018509362909688607,-1.0
2020-11-18,139.39501093223328,139.52343579214758,135.76961632753736,135.88815307617188,2014000,-0.019580190431243472,-1.0
2020-11-19,135.5127620324396,137.8045729175985,134.347110514648,137.66627502441406,1795100,0.013000315905096487,1.0
2020-11-20,137.55763238893468,140.0371218084649,136.70808375113936,138.68377685546875,1764000,0.007363895335868571,1.0
2020-11-23,139.33574807979912,140.05687178480454,134.90031198808308,136.35244750976562,3068100,-0.016953295435304758,-1.0
2020-11-24,136.82661158317356,138.01203942707133,133.68526698753152,137.16249084472656,2235900,0.005923228238810848,1.0
2020-11-25,137.05382968533027,137.2217617825695,132.64802763577,134.2977294921875,3035500,-0.021107090421359137,-1.0
2020-11-27,135.21643870022154,137.08346805072927,134.31749473466618,134.50518798828125,1215700,0.0015435735536615245,1.0
2020-11-30,134.72250669852644,139.53331419454355,134.72250669852644,139.45428466796875,2734000,0.03613406837834637,1.0
2020-12-01,140.28407326592747,143.69215568224092,139.4444128015279,142.24989318847656,2616200,0.01984848305436672,1.0
2020-12-02,141.60779788306814,143.297006910221,140.77799539030678,141.70657348632812,1276300,-0.003826786349014205,-1.0
2020-12-03,142.4770940008935,143.58349231155722,141.31144238633445,141.9634246826172,1218000,0.001810915980826291,1.0
2020-12-04,141.99306379805435,148.45357338778626,141.98317568594445,148.34490966796875,2174700,0.04397058139226313,1.0
2020-12-07,149.5698236122248,152.23700581640298,148.7202751247699,151.55538940429688,2276200,0.021411131602263735,1.0
2020-12-08,151.73323517573098,154.1040608518066,150.9034326230967,153.8966064453125,1522700,0.015329825453259149,1.0
2020-12-09,153.11618772478778,153.15569494741513,145.6678327090255,146.48773193359375,2562500,-0.0493393063308636,-1.0
2020-12-10,145.56906714222362,146.26055670747854,143.7613061601944,143.77117919921875,1749900,-0.018718681498304163,-1.0
2020-12-11,142.15109773974012,142.6944163004332,136.92539666569715,137.54774475097656,3549800,-0.04425191099750193,-1.0
2020-12-14,138.29851675492023,138.72328353546328,136.26355527726113,137.5675048828125,2933300,0.00014364984780891292,1.0
2020-12-15,141.4299729036678,144.6207126820238,141.22253359248853,142.92161560058594,2291300,0.03818159608653042,1.0
2020-12-16,143.16859187468944,146.6063086883211,141.85476924040918,145.7468719482422,1961400,0.019575025917106262,1.0
2020-12-17,147.18911986364498,148.46343514160404,143.63286664297237,143.76129150390625,1833600,-0.013717137053669833,-1.0
2020-12-18,144.67999172460077,147.5941356170909,143.2969977077082,146.3889617919922,2823000,0.018112974903994297,1.0
2020-12-21,143.78104313078796,146.40871811018184,143.40565668420615,145.914794921875,1487300,-0.003244346164842663,-1.0
2020-12-22,146.5667918997964,149.89584511628934,146.04323441951883,147.61390686035156,1320300,0.011577272724890186,1.0
2020-12-23,148.26589541444545,151.0812643076733,146.9421845627098,148.9080047607422,1431400,0.008728569902477591,1.0
2020-12-24,149.11543418478638,149.51058185005556,147.68305969737327,149.37228393554688,480400,0.0031130421106886673,1.0
2020-12-28,150.90341786427345,151.91102546106234,149.95509371592905,151.3578338623047,1039100,0.013205054375540735,1.0
2020-12-29,151.93079987830302,152.95815364094923,147.8015935298272,148.58200073242188,1441200,-0.018509794713386173,-1.0
